,Year,LifeExpectancy
0,2015,65.0
1,2014,59.9
2,2013,59.9
3,2012,59.5
4,2011,59.2
5,2010,58.8
6,2009,58.6
7,2008,58.1
8,2007,57.5
9,2006,57.3
10,2005,57.3
11,2004,57.0
12,2003,56.7
13,2002,56.2
14,2001,55.3
15,2000,54.8
16,2015,77.8
17,2014,77.5
18,2013,77.2
19,2012,76.9
20,2011,76.6
21,2010,76.2
22,2009,76.1
23,2008,75.3
24,2007,75.9
25,2006,74.2
26,2005,73.5
27,2004,73.0
28,2003,72.8
29,2002,73.3
30,2001,73.6
31,2000,72.6
32,2015,75.6
33,2014,75.4
34,2013,75.3
35,2012,75.1
36,2011,74.9
37,2010,74.7
38,2009,74.4
39,2008,74.1
40,2007,73.8
41,2006,73.4
42,2005,72.9
43,2004,72.3
44,2003,71.7
45,2002,71.6
46,2001,71.4
47,2000,71.3
48,2015,52.4
49,2014,51.7
50,2013,51.1
51,2012,56.0
52,2011,51.0
53,2010,49.6
54,2009,49.1
55,2008,48.7
56,2007,48.2
57,2006,47.7
58,2005,47.4
59,2004,47.1
60,2003,46.8
61,2002,46.5
62,2001,45.7
63,2000,45.3
64,2015,76.4
65,2014,76.2
66,2013,76.1
67,2012,75.9
68,2011,75.7
69,2010,75.6
70,2009,75.4
71,2008,75.2
72,2007,75.0
73,2006,74.8
74,2005,74.6
75,2004,74.4
76,2003,74.2
77,2002,74.0
78,2001,73.8
79,2000,73.6
80,2015,76.3
81,2014,76.2
82,2013,76.0
83,2012,75.9
84,2011,75.7
85,2010,75.5
86,2009,75.6
87,2008,75.4
88,2007,74.8
89,2006,75.2
90,2005,74.9
91,2004,74.7
92,2003,74.1
93,2002,74.1
94,2001,74.0
95,2000,74.1
96,2015,74.8
97,2014,74.6
98,2013,74.4
99,2012,74.4
100,2011,73.9
101,2010,73.5
102,2009,73.3
103,2008,73.2
104,2007,73.5
105,2006,72.9
106,2005,73.0
107,2004,73.0
108,2003,72.7
109,2002,72.6
110,2001,72.6
111,2000,72.0
112,2015,82.8
113,2014,82.7
114,2013,82.5
115,2012,82.3
116,2011,82.0
117,2010,81.9
118,2009,81.7
119,2008,81.3
120,2007,81.3
121,2006,81.2
122,2005,81.0
123,2004,86.0
124,2003,83.0
125,2002,79.9
126,2001,79.9
127,2000,79.5
128,2015,81.5
129,2014,81.4
130,2013,81.1
131,2012,88.0
132,2011,88.0
133,2010,84.0
134,2009,82.0
135,2008,84.0
136,2007,81.0
137,2006,79.8
138,2005,79.4
139,2004,79.3
140,2003,78.8
141,2002,78.7
142,2001,78.6
143,2000,78.1
144,2015,72.7
145,2014,72.5
146,2013,72.2
147,2012,71.9
148,2011,71.6
149,2010,71.1
150,2009,78.0
151,2008,73.0
152,2007,73.0
153,2006,69.2
154,2005,68.4
155,2004,68.4
156,2003,67.8
157,2002,67.8
158,2001,67.5
159,2000,66.6
160,2015,76.1
161,2014,75.4
162,2013,74.8
163,2012,74.9
164,2011,75.0
165,2010,75.0
166,2009,74.6
167,2008,74.5
168,2007,74.4
169,2006,74.2
170,2005,74.1
171,2004,73.8
172,2003,73.2
173,2002,73.1
174,2001,72.9
175,2000,72.6
176,2015,76.9
177,2014,76.8
178,2013,76.7
179,2012,76.5
180,2011,76.1
181,2010,76.1
182,2009,76.0
183,2008,75.8
184,2007,75.6
185,2006,75.5
186,2005,75.3
187,2004,75.2
188,2003,75.0
189,2002,74.9
190,2001,74.7
191,2000,74.5
192,2015,71.8
193,2014,71.4
194,2013,71.0
195,2012,77.0
196,2011,73.0
197,2010,69.9
198,2009,69.5
199,2008,69.1
200,2007,68.6
201,2006,68.2
202,2005,67.8
203,2004,67.3
204,2003,66.8
205,2002,66.3
206,2001,65.8
207,2000,65.3
208,2015,75.5
209,2014,75.4
210,2013,75.2
211,2012,75.1
212,2011,74.9
213,2010,74.7
214,2009,74.6
215,2008,74.4
216,2007,74.2
217,2006,74.1
218,2005,73.9
219,2004,73.8
220,2003,73.7
221,2002,73.5
222,2001,73.4
223,2000,73.3
224,2015,72.3
225,2014,72.0
226,2013,71.7
227,2012,71.9
228,2011,72.0
229,2010,73.0
230,2009,70.0
231,2008,70.0
232,2007,69.8
233,2006,68.9
234,2005,68.1
235,2004,68.2
236,2003,67.7
237,2002,67.2
238,2001,67.7
239,2000,68.0
240,2015,81.1
241,2014,89.0
242,2013,87.0
243,2012,83.0
244,2011,83.0
245,2010,80.0
246,2009,79.8
247,2008,79.5
248,2007,79.5
249,2006,79.4
250,2005,78.9
251,2004,78.8
252,2003,78.3
253,2002,78.0
254,2001,78.0
255,2000,77.6
256,2015,71.0
257,2014,70.0
258,2013,69.8
259,2012,69.4
260,2011,69.4
261,2010,69.5
262,2009,69.5
263,2008,69.6
264,2007,69.6
265,2006,69.4
266,2005,69.0
267,2004,68.7
268,2003,68.4
269,2002,68.5
270,2001,68.2
271,2000,68.3
272,2015,60.0
273,2014,59.7
274,2013,59.5
275,2012,59.3
276,2011,59.1
277,2010,58.7
278,2009,58.4
279,2008,57.6
280,2007,57.1
281,2006,56.8
282,2005,56.5
283,2004,56.1
284,2003,55.8
285,2002,55.6
286,2001,55.5
287,2000,55.4
288,2015,69.8
289,2014,69.4
290,2013,69.1
291,2012,68.7
292,2011,68.3
293,2010,67.9
294,2009,67.4
295,2008,67.0
296,2007,66.5
297,2006,65.8
298,2005,65.0
299,2004,64.2
300,2003,63.3
301,2002,62.5
302,2001,61.7
303,2000,62.0
304,2015,77.0
305,2014,74.0
306,2013,71.0
307,2012,69.8
308,2011,69.3
309,2010,68.7
310,2009,68.0
311,2008,67.4
312,2007,66.8
313,2006,66.2
314,2005,65.7
315,2004,65.1
316,2003,64.5
317,2002,63.9
318,2001,63.3
319,2000,62.6
320,2015,77.4
321,2014,77.2
322,2013,77.0
323,2012,76.8
324,2011,76.9
325,2010,76.4
326,2009,76.1
327,2008,76.0
328,2007,75.4
329,2006,75.7
330,2005,75.0
331,2004,75.5
332,2003,75.2
333,2002,75.4
334,2001,74.9
335,2000,74.6
336,2015,65.7
337,2014,65.1
338,2013,64.2
339,2012,63.4
340,2011,62.2
341,2010,61.1
342,2009,59.2
343,2008,57.5
344,2007,56.9
345,2006,54.8
346,2005,51.7
347,2004,48.1
348,2003,46.4
349,2002,46.0
350,2001,46.7
351,2000,47.8
352,2015,75.0
353,2014,74.8
354,2013,74.7
355,2012,74.5
356,2011,74.1
357,2010,73.8
358,2009,73.6
359,2008,73.4
360,2007,73.3
361,2006,73.0
362,2005,72.7
363,2004,72.0
364,2003,71.8
365,2002,71.4
366,2001,71.0
367,2000,75.0
368,2015,77.7
369,2014,77.6
370,2013,77.1
371,2012,78.3
372,2011,77.4
373,2010,76.9
374,2009,76.8
375,2008,77.2
376,2007,76.0
377,2006,76.3
378,2005,76.2
379,2004,76.4
380,2003,76.0
381,2002,74.8
382,2001,74.7
383,2000,74.4
384,2015,74.5
385,2014,74.3
386,2013,74.1
387,2012,73.9
388,2011,73.7
389,2010,73.4
390,2009,73.2
391,2008,72.9
392,2007,72.6
393,2006,72.2
394,2005,72.1
395,2004,72.2
396,2003,72.0
397,2002,71.8
398,2001,71.6
399,2000,71.1
400,2015,59.9
401,2014,59.3
402,2013,59.0
403,2012,58.6
404,2011,58.1
405,2010,57.5
406,2009,56.9
407,2008,56.1
408,2007,55.3
409,2006,54.3
410,2005,53.3
411,2004,52.4
412,2003,51.6
413,2002,51.0
414,2001,56.0
415,2000,51.0
416,2015,59.6
417,2014,59.1
418,2013,58.6
419,2012,58.0
420,2011,57.4
421,2010,56.8
422,2009,56.2
423,2008,55.3
424,2007,54.8
425,2006,54.1
426,2005,53.4
427,2004,52.6
428,2003,51.9
429,2002,51.5
430,2001,51.3
431,2000,58.0
432,2015,53.3
433,2014,52.8
434,2013,52.3
435,2012,52.0
436,2011,51.7
437,2010,51.5
438,2009,51.0
439,2008,54.0
440,2007,49.9
441,2006,49.4
442,2005,48.7
443,2004,48.2
444,2003,48.0
445,2002,47.7
446,2001,47.8
447,2000,47.9
448,2015,73.3
449,2014,73.0
450,2013,72.8
451,2012,72.7
452,2011,72.6
453,2010,72.5
454,2009,72.4
455,2008,72.4
456,2007,72.3
457,2006,72.1
458,2005,71.8
459,2004,71.4
460,2003,71.1
461,2002,77.0
462,2001,73.0
463,2000,69.9
464,2015,68.7
465,2014,68.3
466,2013,67.8
467,2012,67.4
468,2011,67.0
469,2010,66.6
470,2009,66.1
471,2008,65.6
472,2007,65.0
473,2006,64.1
474,2005,62.9
475,2004,61.5
476,2003,63.0
477,2002,59.3
478,2001,58.5
479,2000,57.7
480,2015,57.3
481,2014,56.7
482,2013,56.4
483,2012,55.9
484,2011,55.6
485,2010,55.3
486,2009,54.8
487,2008,54.2
488,2007,53.6
489,2006,53.3
490,2005,52.8
491,2004,52.1
492,2003,51.8
493,2002,51.6
494,2001,51.5
495,2000,51.4
496,2015,82.2
497,2014,82.0
498,2013,81.8
499,2012,81.6
500,2011,81.5
501,2010,81.2
502,2009,81.0
503,2008,87.0
504,2007,85.0
505,2006,85.0
506,2005,81.0
507,2004,80.0
508,2003,79.7
509,2002,79.5
510,2001,79.4
511,2000,79.1
512,2015,52.5
513,2014,58.0
514,2013,49.9
515,2012,53.0
516,2011,49.8
517,2010,49.2
518,2009,48.6
519,2008,47.6
520,2007,46.8
521,2006,46.3
522,2005,45.9
523,2004,45.7
524,2003,45.7
525,2002,45.6
526,2001,45.6
527,2000,46.0
528,2015,53.1
529,2014,52.6
530,2013,52.2
531,2012,51.8
532,2011,51.6
533,2010,51.2
534,2009,57.0
535,2008,49.6
536,2007,49.4
537,2006,48.5
538,2005,48.6
539,2004,48.5
540,2003,48.4
541,2002,48.1
542,2001,48.0
543,2000,47.6
544,2015,85.0
545,2014,83.0
546,2013,81.0
547,2012,79.9
548,2011,79.8
549,2010,79.1
550,2009,79.3
551,2008,79.6
552,2007,78.9
553,2006,78.9
554,2005,78.4
555,2004,78.0
556,2003,77.9
557,2002,77.8
558,2001,77.3
559,2000,77.3
560,2015,76.1
561,2014,75.8
562,2013,75.6
563,2012,75.4
564,2011,75.2
565,2010,75.0
566,2009,74.9
567,2008,74.5
568,2007,74.4
569,2006,74.2
570,2005,73.9
571,2004,73.5
572,2003,73.1
573,2002,72.7
574,2001,72.2
575,2000,71.7
576,2015,74.8
577,2014,74.6
578,2013,74.4
579,2012,74.3
580,2011,74.2
581,2010,73.6
582,2009,73.6
583,2008,73.5
584,2007,73.5
585,2006,73.1
586,2005,73.1
587,2004,72.8
588,2003,72.4
589,2002,71.8
590,2001,71.5
591,2000,71.4
592,2015,63.5
593,2014,63.2
594,2013,62.9
595,2012,62.5
596,2011,62.2
597,2010,61.8
598,2009,61.3
599,2008,61.0
600,2007,66.0
601,2006,63.0
602,2005,60.0
603,2004,59.8
604,2003,59.6
605,2002,59.5
606,2001,59.5
607,2000,59.5
608,2015,64.7
609,2014,64.2
610,2013,63.9
611,2012,63.7
612,2011,62.9
613,2010,62.0
614,2009,68.0
615,2008,59.4
616,2007,58.2
617,2006,56.9
618,2005,55.3
619,2004,54.1
620,2003,53.2
621,2002,52.6
622,2001,52.7
623,2000,52.9
624,2013,69.22493169398908
625,2015,79.6
626,2014,79.5
627,2013,79.4
628,2012,79.2
629,2011,79.0
630,2010,78.1
631,2009,79.2
632,2008,78.9
633,2007,78.9
634,2006,78.0
635,2005,78.6
636,2004,77.7
637,2003,78.0
638,2002,78.3
639,2001,77.5
640,2000,77.6
641,2015,78.0
642,2014,77.8
643,2013,77.7
644,2012,77.1
645,2011,77.0
646,2010,76.6
647,2009,76.3
648,2008,76.0
649,2007,75.8
650,2006,75.9
651,2005,75.2
652,2004,75.4
653,2003,74.7
654,2002,74.8
655,2001,74.9
656,2000,74.7
657,2015,79.1
658,2014,79.0
659,2013,78.7
660,2012,78.7
661,2011,78.8
662,2010,78.0
663,2009,78.1
664,2008,77.9
665,2007,78.1
666,2006,78.0
667,2005,77.2
668,2004,77.3
669,2003,77.4
670,2002,77.7
671,2001,76.7
672,2000,76.9
673,2015,85.0
674,2014,83.0
675,2013,81.0
676,2012,80.0
677,2011,79.7
678,2010,79.5
679,2009,79.3
680,2008,79.1
681,2007,78.9
682,2006,78.8
683,2005,78.7
684,2004,78.6
685,2003,78.5
686,2002,78.4
687,2001,78.2
688,2000,78.1
689,2015,78.8
690,2014,78.6
691,2013,78.2
692,2012,78.0
693,2011,77.8
694,2010,77.5
695,2009,77.1
696,2008,77.0
697,2007,76.8
698,2006,76.5
699,2005,75.9
700,2004,75.8
701,2003,75.2
702,2002,75.3
703,2001,75.1
704,2000,74.7
705,2015,76.0
706,2014,73.0
707,2013,71.0
708,2012,69.8
709,2011,69.4
710,2010,69.0
711,2009,68.7
712,2008,68.6
713,2007,68.5
714,2006,68.5
715,2005,68.5
716,2004,68.4
717,2003,68.1
718,2002,67.6
719,2001,66.6
720,2000,65.4
721,2015,59.8
722,2014,59.3
723,2013,58.8
724,2012,58.3
725,2011,57.9
726,2010,57.4
727,2009,56.7
728,2008,56.3
729,2007,55.7
730,2006,55.0
731,2005,54.3
732,2004,53.5
733,2003,52.8
734,2002,52.1
735,2001,51.8
736,2000,51.3
737,2015,86.0
738,2014,84.0
739,2013,81.0
740,2012,80.0
741,2011,79.7
742,2010,79.2
743,2009,78.9
744,2008,78.8
745,2007,78.4
746,2006,78.1
747,2005,78.1
748,2004,77.7
749,2003,77.3
750,2002,77.0
751,2001,77.0
752,2000,76.9
753,2015,63.5
754,2014,63.0
755,2013,62.7
756,2012,62.2
757,2011,61.8
758,2010,61.3
759,2009,69.0
760,2008,62.0
761,2007,59.8
762,2006,59.1
763,2005,58.6
764,2004,58.1
765,2003,58.0
766,2002,57.9
767,2001,57.7
768,2000,57.4
769,2013,69.22493169398908
770,2015,73.9
771,2014,73.6
772,2013,73.4
773,2012,72.1
774,2011,73.1
775,2010,72.7
776,2009,73.6
777,2008,73.3
778,2007,72.9
779,2006,72.3
780,2005,69.7
781,2004,69.3
782,2003,73.0
783,2002,71.4
784,2001,71.2
785,2000,72.0
786,2015,76.2
787,2014,76.0
788,2013,76.0
789,2012,75.5
790,2011,75.3
791,2010,75.0
792,2009,75.1
793,2008,74.6
794,2007,74.7
795,2006,74.4
796,2005,74.2
797,2004,74.4
798,2003,74.4
799,2002,73.6
800,2001,73.4
801,2000,72.8
802,2015,79.0
803,2014,78.0
804,2013,79.0
805,2012,72.0
806,2011,74.0
807,2010,70.0
808,2009,69.9
809,2008,69.8
810,2007,69.7
811,2006,69.5
812,2005,69.4
813,2004,69.0
814,2003,68.6
815,2002,68.7
816,2001,68.6
817,2000,68.8
818,2015,73.5
819,2014,73.3
820,2013,73.0
821,2012,73.0
822,2011,72.0
823,2010,72.0
824,2009,71.4
825,2008,71.7
826,2007,71.2
827,2006,75.0
828,2005,71.0
829,2004,70.0
830,2003,69.9
831,2002,73.0
832,2001,68.9
833,2000,69.0
834,2015,58.2
835,2014,57.9
836,2013,57.4
837,2012,56.7
838,2011,56.2
839,2010,56.1
840,2009,55.7
841,2008,55.4
842,2007,55.0
843,2006,54.8
844,2005,54.4
845,2004,54.1
846,2003,53.8
847,2002,53.5
848,2001,53.1
849,2000,52.7
850,2015,64.7
851,2014,64.4
852,2013,64.0
853,2012,63.6
854,2011,62.9
855,2010,62.1
856,2009,61.4
857,2008,67.0
858,2007,62.0
859,2006,59.7
860,2005,59.4
861,2004,59.1
862,2003,58.8
863,2002,58.5
864,2001,58.1
865,2000,45.3
866,2015,77.6
867,2014,77.3
868,2013,76.9
869,2012,76.3
870,2011,76.1
871,2010,75.6
872,2009,74.9
873,2008,74.2
874,2007,73.0
875,2006,73.0
876,2005,72.8
877,2004,72.3
878,2003,71.9
879,2002,71.2
880,2001,78.0
881,2000,78.0
882,2015,64.8
883,2014,64.2
884,2013,63.7
885,2012,63.3
886,2011,62.6
887,2010,61.8
888,2009,68.0
889,2008,59.8
890,2007,58.5
891,2006,57.2
892,2005,56.0
893,2004,55.0
894,2003,54.0
895,2002,53.2
896,2001,52.5
897,2000,51.2
898,2015,69.9
899,2014,69.7
900,2013,69.6
901,2012,69.4
902,2011,69.2
903,2010,69.1
904,2009,68.9
905,2008,68.7
906,2007,68.6
907,2006,68.5
908,2005,68.3
909,2004,68.1
910,2003,68.0
911,2002,67.9
912,2001,67.8
913,2000,67.7
914,2015,81.1
915,2014,89.0
916,2013,87.0
917,2012,84.0
918,2011,83.0
919,2010,79.9
920,2009,79.7
921,2008,79.6
922,2007,79.3
923,2006,79.2
924,2005,78.9
925,2004,78.7
926,2003,78.4
927,2002,78.1
928,2001,78.0
929,2000,77.5
930,2015,82.4
931,2014,82.2
932,2013,82.0
933,2012,81.5
934,2011,81.7
935,2010,81.3
936,2009,81.1
937,2008,89.0
938,2007,89.0
939,2006,86.0
940,2005,81.0
941,2004,82.0
942,2003,79.3
943,2002,79.2
944,2001,79.0
945,2000,78.8
946,2015,66.0
947,2014,65.5
948,2013,64.6
949,2012,63.5
950,2011,62.8
951,2010,62.3
952,2009,61.7
953,2008,61.6
954,2007,61.6
955,2006,61.4
956,2005,65.0
957,2004,59.7
958,2003,59.7
959,2002,59.7
960,2001,59.8
961,2000,61.0
962,2015,61.1
963,2014,68.0
964,2013,66.0
965,2012,62.0
966,2011,59.8
967,2010,59.3
968,2009,59.0
969,2008,58.7
970,2007,58.5
971,2006,58.2
972,2005,57.7
973,2004,57.3
974,2003,57.0
975,2002,56.6
976,2001,56.3
977,2000,55.9
978,2015,74.4
979,2014,74.5
980,2013,74.5
981,2012,74.2
982,2011,73.9
983,2010,73.8
984,2009,73.2
985,2008,73.9
986,2007,74.4
987,2006,73.9
988,2005,73.9
989,2004,72.3
990,2003,72.7
991,2002,71.7
992,2001,73.0
993,2000,71.8
994,2015,81.0
995,2014,89.0
996,2013,86.0
997,2012,86.0
998,2011,85.0
999,2010,81.0
1000,2009,80.0
1001,2008,79.9
1002,2007,79.8
1003,2006,79.6
1004,2005,79.2
1005,2004,79.1
1006,2003,78.5
1007,2002,78.4
1008,2001,78.3
1009,2000,78.0
1010,2015,62.4
1011,2014,62.1
1012,2013,61.9
1013,2012,61.6
1014,2011,61.2
1015,2010,69.0
1016,2009,66.0
1017,2008,63.0
1018,2007,59.9
1019,2006,59.4
1020,2005,58.9
1021,2004,58.3
1022,2003,57.9
1023,2002,57.6
1024,2001,57.4
1025,2000,57.2
1026,2015,81.0
1027,2014,88.0
1028,2013,86.0
1029,2012,84.0
1030,2011,85.0
1031,2010,83.0
1032,2009,80.0
1033,2008,79.9
1034,2007,79.4
1035,2006,79.7
1036,2005,79.3
1037,2004,79.2
1038,2003,79.1
1039,2002,79.0
1040,2001,78.7
1041,2000,78.2
1042,2015,73.6
1043,2014,73.5
1044,2013,73.3
1045,2012,73.1
1046,2011,72.9
1047,2010,72.6
1048,2009,72.4
1049,2008,72.1
1050,2007,71.9
1051,2006,71.7
1052,2005,71.5
1053,2004,73.0
1054,2003,71.1
1055,2002,79.0
1056,2001,77.0
1057,2000,74.0
1058,2015,71.9
1059,2014,71.7
1060,2013,71.4
1061,2012,71.3
1062,2011,71.1
1063,2010,77.0
1064,2009,76.0
1065,2008,79.0
1066,2007,75.0
1067,2006,69.7
1068,2005,69.2
1069,2004,69.6
1070,2003,69.4
1071,2002,69.3
1072,2001,68.4
1073,2000,67.7
1074,2015,59.0
1075,2014,58.1
1076,2013,58.8
1077,2012,58.4
1078,2011,58.1
1079,2010,57.8
1080,2009,57.3
1081,2008,56.8
1082,2007,56.4
1083,2006,55.6
1084,2005,54.7
1085,2004,54.0
1086,2003,53.3
1087,2002,52.9
1088,2001,52.5
1089,2000,52.5
1090,2015,58.9
1091,2014,58.4
1092,2013,58.1
1093,2012,57.6
1094,2011,57.1
1095,2010,56.7
1096,2009,56.3
1097,2008,55.6
1098,2007,55.0
1099,2006,54.4
1100,2005,53.9
1101,2004,53.5
1102,2003,53.0
1103,2002,52.8
1104,2001,52.5
1105,2000,52.1
1106,2015,66.2
1107,2014,66.0
1108,2013,65.9
1109,2012,65.8
1110,2011,65.6
1111,2010,65.9
1112,2009,66.1
1113,2008,66.3
1114,2007,65.7
1115,2006,65.2
1116,2005,65.0
1117,2004,65.1
1118,2003,65.3
1119,2002,65.3
1120,2001,65.4
1121,2000,65.4
1122,2015,63.5
1123,2014,63.1
1124,2013,62.7
1125,2012,62.3
1126,2011,62.3
1127,2010,36.3
1128,2009,62.5
1129,2008,62.1
1130,2007,61.8
1131,2006,61.1
1132,2005,65.0
1133,2004,58.7
1134,2003,59.7
1135,2002,59.3
1136,2001,58.9
1137,2000,58.6
1138,2015,74.6
1139,2014,74.5
1140,2013,74.3
1141,2012,74.1
1142,2011,73.9
1143,2010,73.6
1144,2009,73.4
1145,2008,73.2
1146,2007,73.0
1147,2006,72.8
1148,2005,72.5
1149,2004,72.2
1150,2003,71.9
1151,2002,71.6
1152,2001,71.3
1153,2000,71.0
1154,2015,75.8
1155,2014,75.6
1156,2013,75.5
1157,2012,75.0
1158,2011,74.8
1159,2010,74.5
1160,2009,74.2
1161,2008,74.1
1162,2007,73.5
1163,2006,73.4
1164,2005,72.9
1165,2004,72.9
1166,2003,72.5
1167,2002,72.5
1168,2001,72.3
1169,2000,71.7
1170,2015,82.7
1171,2014,82.5
1172,2013,82.4
1173,2012,82.5
1174,2011,82.1
1175,2010,81.8
1176,2009,81.6
1177,2008,81.4
1178,2007,81.3
1179,2006,81.1
1180,2005,81.0
1181,2004,88.0
1182,2003,87.0
1183,2002,84.0
1184,2001,80.0
1185,2000,79.7
1186,2015,68.3
1187,2014,68.0
1188,2013,67.6
1189,2012,67.3
1190,2011,66.8
1191,2010,66.4
1192,2009,66.0
1193,2008,65.5
1194,2007,65.2
1195,2006,64.8
1196,2005,64.4
1197,2004,64.0
1198,2003,63.7
1199,2002,63.3
1200,2001,62.9
1201,2000,62.5
1202,2015,69.1
1203,2014,68.9
1204,2013,68.7
1205,2012,68.5
1206,2011,68.3
1207,2010,68.1
1208,2009,67.9
1209,2008,67.7
1210,2007,67.5
1211,2006,67.3
1212,2005,67.2
1213,2004,65.3
1214,2003,66.9
1215,2002,66.7
1216,2001,66.5
1217,2000,66.3
1218,2015,75.5
1219,2014,75.4
1220,2013,75.3
1221,2012,75.1
1222,2011,74.7
1223,2010,74.1
1224,2009,73.3
1225,2008,72.7
1226,2007,72.4
1227,2006,72.2
1228,2005,72.0
1229,2004,71.8
1230,2003,75.0
1231,2002,71.2
1232,2001,78.0
1233,2000,73.0
1234,2015,68.9
1235,2014,67.9
1236,2013,69.5
1237,2012,76.0
1238,2011,77.0
1239,2010,76.0
1240,2009,74.0
1241,2008,69.3
1242,2007,65.9
1243,2006,64.7
1244,2005,66.8
1245,2004,67.2
1246,2003,66.5
1247,2002,74.0
1248,2001,72.0
1249,2000,70.0
1250,2015,81.4
1251,2014,81.2
1252,2013,81.0
1253,2012,85.0
1254,2011,84.0
1255,2010,86.0
1256,2009,79.7
1257,2008,79.8
1258,2007,79.5
1259,2006,79.0
1260,2005,78.7
1261,2004,78.3
1262,2003,78.0
1263,2002,77.4
1264,2001,77.0
1265,2000,76.4
1266,2015,82.5
1267,2014,82.2
1268,2013,82.1
1269,2012,81.8
1270,2011,81.8
1271,2010,81.7
1272,2009,81.5
1273,2008,81.0
1274,2007,84.0
1275,2006,84.0
1276,2005,80.0
1277,2004,81.0
1278,2003,79.7
1279,2002,79.3
1280,2001,79.3
1281,2000,78.9
1282,2015,82.7
1283,2014,82.5
1284,2013,82.3
1285,2012,82.0
1286,2011,82.0
1287,2010,81.8
1288,2009,81.6
1289,2008,81.5
1290,2007,81.3
1291,2006,81.2
1292,2005,88.0
1293,2004,89.0
1294,2003,79.9
1295,2002,80.0
1296,2001,79.8
1297,2000,79.4
1298,2015,76.2
1299,2014,75.8
1300,2013,75.6
1301,2012,75.3
1302,2011,75.2
1303,2010,75.0
1304,2009,74.7
1305,2008,74.5
1306,2007,74.2
1307,2006,74.0
1308,2005,73.5
1309,2004,73.3
1310,2003,73.1
1311,2002,73.0
1312,2001,72.7
1313,2000,72.6
1314,2015,83.7
1315,2014,83.5
1316,2013,83.5
1317,2012,83.3
1318,2011,82.5
1319,2010,83.0
1320,2009,83.0
1321,2008,82.7
1322,2007,82.6
1323,2006,82.4
1324,2005,82.0
1325,2004,82.1
1326,2003,81.9
1327,2002,81.8
1328,2001,81.5
1329,2000,81.1
1330,2015,74.1
1331,2014,74.0
1332,2013,73.9
1333,2012,73.7
1334,2011,73.6
1335,2010,73.4
1336,2009,73.3
1337,2008,73.1
1338,2007,73.0
1339,2006,72.8
1340,2005,72.4
1341,2004,72.5
1342,2003,72.3
1343,2002,72.1
1344,2001,71.9
1345,2000,71.7
1346,2015,72.0
1347,2014,69.9
1348,2013,69.5
1349,2012,69.1
1350,2011,68.5
1351,2010,67.8
1352,2009,67.8
1353,2008,66.6
1354,2007,65.3
1355,2006,65.0
1356,2005,64.6
1357,2004,64.7
1358,2003,64.4
1359,2002,64.7
1360,2001,64.4
1361,2000,63.9
1362,2015,63.4
1363,2014,62.9
1364,2013,62.6
1365,2012,62.1
1366,2011,61.2
1367,2010,63.0
1368,2009,59.1
1369,2008,57.9
1370,2007,56.8
1371,2006,55.3
1372,2005,54.1
1373,2004,53.0
1374,2003,52.4
1375,2002,52.1
1376,2001,51.9
1377,2000,51.9
1378,2015,66.3
1379,2014,66.1
1380,2013,65.8
1381,2012,65.7
1382,2011,65.5
1383,2010,65.3
1384,2009,65.2
1385,2008,65.1
1386,2007,65.0
1387,2006,65.0
1388,2005,64.9
1389,2004,64.8
1390,2003,64.7
1391,2002,64.6
1392,2001,64.3
1393,2000,64.1
1394,2015,74.7
1395,2014,74.6
1396,2013,74.5
1397,2012,74.3
1398,2011,74.2
1399,2010,74.0
1400,2009,73.9
1401,2008,73.8
1402,2007,73.7
1403,2006,73.6
1404,2005,73.6
1405,2004,73.5
1406,2003,73.4
1407,2002,73.3
1408,2001,73.2
1409,2000,73.2
1410,2015,71.1
1411,2014,78.0
1412,2013,77.0
1413,2012,69.9
1414,2011,69.4
1415,2010,68.8
1416,2009,68.5
1417,2008,67.6
1418,2007,67.2
1419,2006,66.7
1420,2005,66.9
1421,2004,67.1
1422,2003,66.6
1423,2002,66.7
1424,2001,67.2
1425,2000,66.6
1426,2015,65.7
1427,2014,65.3
1428,2013,64.9
1429,2012,64.4
1430,2011,64.0
1431,2010,63.6
1432,2009,63.1
1433,2008,62.6
1434,2007,62.1
1435,2006,61.5
1436,2005,61.0
1437,2004,64.0
1438,2003,59.8
1439,2002,59.3
1440,2001,58.7
1441,2000,58.1
1442,2015,74.6
1443,2014,74.4
1444,2013,74.1
1445,2012,73.8
1446,2011,73.6
1447,2010,72.8
1448,2009,72.6
1449,2008,71.9
1450,2007,78.0
1451,2006,75.0
1452,2005,76.0
1453,2004,71.0
1454,2003,78.0
1455,2002,73.0
1456,2001,69.9
1457,2000,71.0
1458,2015,74.9
1459,2014,74.8
1460,2013,74.9
1461,2012,75.0
1462,2011,75.0
1463,2010,74.9
1464,2009,74.7
1465,2008,74.5
1466,2007,74.4
1467,2006,74.1
1468,2005,73.9
1469,2004,73.7
1470,2003,73.5
1471,2002,73.2
1472,2001,73.0
1473,2000,72.7
1474,2015,53.7
1475,2014,52.1
1476,2013,52.1
1477,2012,52.2
1478,2011,52.3
1479,2010,51.1
1480,2009,49.4
1481,2008,47.8
1482,2007,46.2
1483,2006,45.3
1484,2005,44.5
1485,2004,44.8
1486,2003,45.5
1487,2002,46.4
1488,2001,47.8
1489,2000,49.3
1490,2015,61.4
1491,2014,58.1
1492,2013,61.1
1493,2012,67.0
1494,2011,62.0
1495,2010,59.7
1496,2009,59.2
1497,2008,58.6
1498,2007,57.9
1499,2006,56.7
1500,2005,55.3
1501,2004,54.0
1502,2003,50.0
1503,2002,56.0
1504,2001,51.5
1505,2000,51.9
1506,2015,72.7
1507,2014,72.4
1508,2013,72.9
1509,2012,72.9
1510,2011,71.3
1511,2010,72.8
1512,2009,72.7
1513,2008,72.6
1514,2007,72.5
1515,2006,72.2
1516,2005,71.9
1517,2004,71.5
1518,2003,71.3
1519,2002,71.1
1520,2001,71.0
1521,2000,78.0
1522,2015,73.6
1523,2014,73.4
1524,2013,73.0
1525,2012,73.0
1526,2011,72.8
1527,2010,72.4
1528,2009,72.2
1529,2008,71.1
1530,2007,72.0
1531,2006,76.0
1532,2005,78.0
1533,2004,71.6
1534,2003,71.6
1535,2002,71.4
1536,2001,71.2
1537,2000,71.6
1538,2015,82.0
1539,2014,81.7
1540,2013,81.4
1541,2012,81.1
1542,2011,88.0
1543,2010,86.0
1544,2009,83.0
1545,2008,80.0
1546,2007,79.7
1547,2006,79.4
1548,2005,78.8
1549,2004,78.7
1550,2003,78.6
1551,2002,78.3
1552,2001,78.0
1553,2000,77.8
1554,2015,65.5
1555,2014,65.1
1556,2013,64.7
1557,2012,64.3
1558,2011,63.8
1559,2010,63.3
1560,2009,62.8
1561,2008,62.3
1562,2007,61.9
1563,2006,61.4
1564,2005,69.0
1565,2004,64.0
1566,2003,59.9
1567,2002,59.3
1568,2001,58.7
1569,2000,57.9
1570,2015,58.3
1571,2014,57.6
1572,2013,56.7
1573,2012,55.3
1574,2011,54.1
1575,2010,52.9
1576,2009,51.5
1577,2008,50.0
1578,2007,48.5
1579,2006,47.1
1580,2005,46.0
1581,2004,45.1
1582,2003,44.6
1583,2002,44.0
1584,2001,43.5
1585,2000,43.1
1586,2015,75.0
1587,2014,74.8
1588,2013,74.6
1589,2012,74.5
1590,2011,74.3
1591,2010,74.1
1592,2009,74.0
1593,2008,73.8
1594,2007,73.7
1595,2006,73.6
1596,2005,73.4
1597,2004,73.2
1598,2003,73.1
1599,2002,72.9
1600,2001,72.7
1601,2000,72.4
1602,2015,78.5
1603,2014,78.2
1604,2013,77.9
1605,2012,77.6
1606,2011,77.3
1607,2010,76.7
1608,2009,76.3
1609,2008,75.9
1610,2007,75.4
1611,2006,75.0
1612,2005,74.3
1613,2004,73.4
1614,2003,72.7
1615,2002,71.8
1616,2001,78.0
1617,2000,69.6
1618,2015,58.2
1619,2014,57.8
1620,2013,57.3
1621,2012,57.2
1622,2011,56.8
1623,2010,56.5
1624,2009,56.0
1625,2008,55.5
1626,2007,55.0
1627,2006,54.3
1628,2005,53.6
1629,2004,52.8
1630,2003,52.0
1631,2002,51.2
1632,2001,55.0
1633,2000,49.8
1634,2015,81.7
1635,2014,81.4
1636,2013,81.1
1637,2012,81.0
1638,2011,87.0
1639,2010,83.0
1640,2009,82.0
1641,2008,80.0
1642,2007,79.6
1643,2006,79.3
1644,2005,79.0
1645,2004,78.7
1646,2003,78.5
1647,2002,78.2
1648,2001,77.8
1649,2000,77.5
1650,2013,69.22493169398908
1651,2015,63.1
1652,2014,63.0
1653,2013,62.7
1654,2012,62.5
1655,2011,62.2
1656,2010,62.0
1657,2009,61.7
1658,2008,61.4
1659,2007,61.2
1660,2006,69.0
1661,2005,66.0
1662,2004,64.0
1663,2003,63.0
1664,2002,62.0
1665,2001,61.0
1666,2000,60.0
1667,2015,74.6
1668,2014,74.2
1669,2013,74.1
1670,2012,73.9
1671,2011,73.6
1672,2010,73.3
1673,2009,72.8
1674,2008,72.7
1675,2007,72.9
1676,2006,71.8
1677,2005,72.1
1678,2004,71.9
1679,2003,71.5
1680,2002,71.5
1681,2001,71.5
1682,2000,71.0
1683,2015,76.7
1684,2014,76.6
1685,2013,76.6
1686,2012,76.3
1687,2011,76.1
1688,2010,75.6
1689,2009,75.7
1690,2008,75.6
1691,2007,76.0
1692,2006,75.8
1693,2005,75.3
1694,2004,75.4
1695,2003,75.0
1696,2002,75.0
1697,2001,75.0
1698,2000,74.8
1699,2015,69.4
1700,2014,69.4
1701,2013,69.2
1702,2012,69.0
1703,2011,68.9
1704,2010,68.7
1705,2009,68.5
1706,2008,68.4
1707,2007,68.2
1708,2006,68.0
1709,2005,67.9
1710,2004,67.7
1711,2003,67.5
1712,2002,66.2
1713,2001,67.2
1714,2000,67.0
1715,2013,69.22493169398908
1716,2015,68.8
1717,2014,68.4
1718,2013,68.1
1719,2012,67.8
1720,2011,67.3
1721,2010,66.3
1722,2009,66.9
1723,2008,67.4
1724,2007,65.9
1725,2006,65.0
1726,2005,64.5
1727,2004,64.0
1728,2003,64.0
1729,2002,63.8
1730,2001,63.2
1731,2000,62.8
1732,2015,76.1
1733,2014,75.9
1734,2013,75.8
1735,2012,75.6
1736,2011,75.4
1737,2010,75.3
1738,2009,75.0
1739,2008,74.6
1740,2007,74.2
1741,2006,73.8
1742,2005,73.6
1743,2004,73.5
1744,2003,73.5
1745,2002,73.4
1746,2001,73.3
1747,2000,73.0
1748,2015,74.3
1749,2014,74.1
1750,2013,73.9
1751,2012,73.6
1752,2011,73.3
1753,2010,72.8
1754,2009,72.3
1755,2008,71.8
1756,2007,71.4
1757,2006,71.0
1758,2005,77.0
1759,2004,72.0
1760,2003,69.9
1761,2002,69.5
1762,2001,69.0
1763,2000,68.6
1764,2015,57.6
1765,2014,56.7
1766,2013,55.3
1767,2012,54.8
1768,2011,54.3
1769,2010,54.0
1770,2009,53.8
1771,2008,53.2
1772,2007,52.1
1773,2006,51.2
1774,2005,58.0
1775,2004,54.0
1776,2003,51.0
1777,2002,49.8
1778,2001,49.5
1779,2000,49.0
1780,2015,66.6
1781,2014,66.4
1782,2013,66.2
1783,2012,65.9
1784,2011,65.6
1785,2010,65.4
1786,2009,65.2
1787,2008,59.2
1788,2007,64.5
1789,2006,64.2
1790,2005,63.9
1791,2004,63.5
1792,2003,63.2
1793,2002,62.8
1794,2001,62.5
1795,2000,62.1
1796,2015,65.8
1797,2014,65.9
1798,2013,66.1
1799,2012,65.8
1800,2011,64.3
1801,2010,63.0
1802,2009,62.4
1803,2008,61.7
1804,2007,60.0
1805,2006,57.0
1806,2005,55.1
1807,2004,54.7
1808,2003,55.0
1809,2002,55.7
1810,2001,56.5
1811,2000,57.4
1812,2013,69.22493169398908
1813,2015,69.2
1814,2014,69.6
1815,2013,69.3
1816,2012,68.9
1817,2011,68.4
1818,2010,68.0
1819,2009,67.5
1820,2008,67.0
1821,2007,66.6
1822,2006,66.0
1823,2005,65.4
1824,2004,64.7
1825,2003,64.3
1826,2002,63.1
1827,2001,63.2
1828,2000,62.5
1829,2015,81.9
1830,2014,81.7
1831,2013,81.4
1832,2012,81.1
1833,2011,81.1
1834,2010,88.0
1835,2009,86.0
1836,2008,83.0
1837,2007,82.0
1838,2006,79.8
1839,2005,79.4
1840,2004,79.2
1841,2003,78.7
1842,2002,78.4
1843,2001,78.3
1844,2000,78.1
1845,2015,81.6
1846,2014,81.5
1847,2013,81.3
1848,2012,81.1
1849,2011,86.0
1850,2010,89.0
1851,2009,85.0
1852,2008,81.0
1853,2007,81.0
1854,2006,79.9
1855,2005,79.9
1856,2004,79.2
1857,2003,79.1
1858,2002,78.7
1859,2001,78.5
1860,2000,78.6
1861,2015,74.8
1862,2014,74.5
1863,2013,73.9
1864,2012,73.9
1865,2011,74.5
1866,2010,73.2
1867,2009,73.2
1868,2008,72.5
1869,2007,72.5
1870,2006,73.0
1871,2005,71.2
1872,2004,71.0
1873,2003,76.0
1874,2002,75.0
1875,2001,73.0
1876,2000,73.0
1877,2015,61.8
1878,2014,61.4
1879,2013,69.0
1880,2012,63.0
1881,2011,59.4
1882,2010,58.2
1883,2009,57.1
1884,2008,56.0
1885,2007,55.2
1886,2006,54.5
1887,2005,53.7
1888,2004,52.9
1889,2003,52.1
1890,2002,51.4
1891,2001,56.0
1892,2000,50.0
1893,2015,54.5
1894,2014,53.6
1895,2013,53.2
1896,2012,52.7
1897,2011,52.3
1898,2010,52.0
1899,2009,51.6
1900,2008,59.0
1901,2007,55.0
1902,2006,49.8
1903,2005,49.2
1904,2004,48.5
1905,2003,48.1
1906,2002,47.7
1907,2001,47.4
1908,2000,47.1
1909,2013,69.22493169398908
1910,2015,81.8
1911,2014,81.6
1912,2013,81.5
1913,2012,81.3
1914,2011,81.1
1915,2010,81.0
1916,2009,89.0
1917,2008,86.0
1918,2007,85.0
1919,2006,84.0
1920,2005,81.0
1921,2004,79.8
1922,2003,79.4
1923,2002,78.9
1924,2001,78.8
1925,2000,78.5
1926,2015,76.6
1927,2014,76.4
1928,2013,76.2
1929,2012,76.0
1930,2011,75.8
1931,2010,75.6
1932,2009,75.4
1933,2008,75.2
1934,2007,74.9
1935,2006,74.7
1936,2005,74.3
1937,2004,74.0
1938,2003,73.6
1939,2002,73.3
1940,2001,72.9
1941,2000,72.6
1942,2015,66.4
1943,2014,66.2
1944,2013,66.0
1945,2012,65.7
1946,2011,65.5
1947,2010,65.1
1948,2009,64.8
1949,2008,64.6
1950,2007,64.4
1951,2006,64.2
1952,2005,62.9
1953,2004,63.7
1954,2003,63.5
1955,2002,63.2
1956,2001,63.0
1957,2000,62.8
1958,2013,69.22493169398908
1959,2015,77.8
1960,2014,77.6
1961,2013,77.5
1962,2012,77.2
1963,2011,77.3
1964,2010,76.5
1965,2009,76.8
1966,2008,76.5
1967,2007,76.4
1968,2006,76.2
1969,2005,75.8
1970,2004,75.8
1971,2003,75.5
1972,2002,75.7
1973,2001,75.5
1974,2000,75.7
1975,2015,62.9
1976,2014,62.7
1977,2013,62.4
1978,2012,62.2
1979,2011,62.0
1980,2010,61.8
1981,2009,61.6
1982,2008,61.4
1983,2007,61.1
1984,2006,68.0
1985,2005,64.0
1986,2004,59.9
1987,2003,59.6
1988,2002,59.3
1989,2001,59.1
1990,2000,58.9
1991,2015,74.0
1992,2014,73.9
1993,2013,73.8
1994,2012,73.6
1995,2011,73.4
1996,2010,73.2
1997,2009,73.0
1998,2008,72.7
1999,2007,72.5
2000,2006,72.3
2001,2005,72.1
2002,2004,71.9
2003,2003,71.7
2004,2002,71.5
2005,2001,71.2
2006,2000,79.0
2007,2015,75.5
2008,2014,75.3
2009,2013,75.3
2010,2012,74.9
2011,2011,74.5
2012,2010,73.7
2013,2009,73.8
2014,2008,73.9
2015,2007,74.0
2016,2006,74.2
2017,2005,72.8
2018,2004,72.2
2019,2003,72.1
2020,2002,72.6
2021,2001,72.4
2022,2000,71.4
2023,2015,68.5
2024,2014,68.4
2025,2013,68.1
2026,2012,68.1
2027,2011,68.0
2028,2010,67.9
2029,2009,68.0
2030,2008,67.5
2031,2007,67.5
2032,2006,67.3
2033,2005,67.0
2034,2004,67.3
2035,2003,67.2
2036,2002,66.8
2037,2001,66.8
2038,2000,66.8
2039,2015,77.5
2040,2014,77.3
2041,2013,77.1
2042,2012,76.8
2043,2011,76.7
2044,2010,76.3
2045,2009,75.7
2046,2008,75.5
2047,2007,75.3
2048,2006,75.2
2049,2005,75.0
2050,2004,74.9
2051,2003,74.7
2052,2002,74.5
2053,2001,74.2
2054,2000,73.7
2055,2015,81.1
2056,2014,89.0
2057,2013,86.0
2058,2012,83.0
2059,2011,82.0
2060,2010,79.6
2061,2009,79.3
2062,2008,79.0
2063,2007,78.7
2064,2006,78.5
2065,2005,77.7
2066,2004,78.0
2067,2003,77.3
2068,2002,77.2
2069,2001,76.9
2070,2000,76.6
2071,2015,78.2
2072,2014,78.1
2073,2013,77.9
2074,2012,77.8
2075,2011,77.5
2076,2010,77.3
2077,2009,77.0
2078,2008,76.8
2079,2007,76.7
2080,2006,76.6
2081,2005,76.6
2082,2004,76.6
2083,2003,76.5
2084,2002,76.4
2085,2001,76.3
2086,2000,76.2
2087,2015,82.3
2088,2014,82.0
2089,2013,81.7
2090,2012,81.2
2091,2011,81.1
2092,2010,87.0
2093,2009,86.0
2094,2008,83.0
2095,2007,79.8
2096,2006,79.4
2097,2005,78.7
2098,2004,78.2
2099,2003,77.6
2100,2002,77.1
2101,2001,76.7
2102,2000,76.0
2103,2015,72.1
2104,2014,71.8
2105,2013,71.7
2106,2012,79.0
2107,2011,77.0
2108,2010,68.8
2109,2009,69.0
2110,2008,68.9
2111,2007,68.3
2112,2006,68.0
2113,2005,67.3
2114,2004,68.0
2115,2003,67.6
2116,2002,67.5
2117,2001,67.6
2118,2000,67.1
2119,2015,75.0
2120,2014,74.8
2121,2013,74.6
2122,2012,74.4
2123,2011,74.3
2124,2010,73.4
2125,2009,73.1
2126,2008,73.1
2127,2007,72.9
2128,2006,72.5
2129,2005,71.9
2130,2004,71.7
2131,2003,71.1
2132,2002,77.0
2133,2001,78.0
2134,2000,77.0
2135,2015,75.0
2136,2014,73.0
2137,2013,70.0
2138,2012,69.6
2139,2011,69.4
2140,2010,68.4
2141,2009,68.2
2142,2008,67.5
2143,2007,67.3
2144,2006,66.4
2145,2005,65.0
2146,2004,64.9
2147,2003,64.6
2148,2002,64.8
2149,2001,65.1
2150,2000,65.0
2151,2015,66.1
2152,2014,65.7
2153,2013,65.2
2154,2012,64.6
2155,2011,63.8
2156,2010,62.8
2157,2009,61.0
2158,2008,68.0
2159,2007,59.6
2160,2006,57.6
2161,2005,55.3
2162,2004,53.4
2163,2003,52.0
2164,2002,57.0
2165,2001,48.6
2166,2000,48.3
2167,2013,69.22493169398908
2168,2015,75.2
2169,2014,75.0
2170,2013,74.8
2171,2012,74.7
2172,2011,74.6
2173,2010,74.2
2174,2009,74.3
2175,2008,74.1
2176,2007,73.9
2177,2006,73.5
2178,2005,73.1
2179,2004,72.6
2180,2003,72.2
2181,2002,72.0
2182,2001,71.8
2183,2000,71.6
2184,2015,73.2
2185,2014,73.1
2186,2013,72.7
2187,2012,72.8
2188,2011,72.7
2189,2010,72.5
2190,2009,72.3
2191,2008,72.1
2192,2007,71.9
2193,2006,71.7
2194,2005,71.4
2195,2004,71.2
2196,2003,71.0
2197,2002,79.0
2198,2001,79.0
2199,2000,79.0
2200,2015,74.0
2201,2014,73.8
2202,2013,73.6
2203,2012,73.2
2204,2011,73.0
2205,2010,72.6
2206,2009,76.0
2207,2008,72.5
2208,2007,72.2
2209,2006,72.0
2210,2005,71.6
2211,2004,71.4
2212,2003,79.0
2213,2002,76.0
2214,2001,75.0
2215,2000,72.0
2216,2013,69.22493169398908
2217,2015,67.5
2218,2014,67.3
2219,2013,67.1
2220,2012,66.9
2221,2011,66.6
2222,2010,66.2
2223,2009,65.8
2224,2008,65.4
2225,2007,65.1
2226,2006,64.7
2227,2005,64.3
2228,2004,63.8
2229,2003,63.4
2230,2002,63.1
2231,2001,62.8
2232,2000,62.6
2233,2015,74.5
2234,2014,74.4
2235,2013,74.3
2236,2012,74.1
2237,2011,73.9
2238,2010,73.7
2239,2009,73.4
2240,2008,73.3
2241,2007,73.2
2242,2006,73.2
2243,2005,73.1
2244,2004,73.1
2245,2003,73.0
2246,2002,72.9
2247,2001,72.8
2248,2000,72.6
2249,2015,66.7
2250,2014,66.4
2251,2013,66.0
2252,2012,65.6
2253,2011,64.9
2254,2010,64.3
2255,2009,63.5
2256,2008,62.8
2257,2007,62.1
2258,2006,61.3
2259,2005,65.0
2260,2004,59.7
2261,2003,59.0
2262,2002,58.4
2263,2001,57.9
2264,2000,57.5
2265,2015,75.6
2266,2014,75.4
2267,2013,75.3
2268,2012,74.9
2269,2011,74.6
2270,2010,74.4
2271,2009,74.1
2272,2008,74.0
2273,2007,73.8
2274,2006,73.6
2275,2005,73.0
2276,2004,73.0
2277,2003,73.0
2278,2002,72.9
2279,2001,73.1
2280,2000,72.6
2281,2015,73.2
2282,2014,73.0
2283,2013,72.9
2284,2012,72.7
2285,2011,72.6
2286,2010,72.4
2287,2009,72.3
2288,2008,72.2
2289,2007,72.2
2290,2006,72.2
2291,2005,72.2
2292,2004,72.1
2293,2003,72.1
2294,2002,72.1
2295,2001,72.0
2296,2000,71.8
2297,2015,51.0
2298,2014,48.1
2299,2013,54.0
2300,2012,49.7
2301,2011,48.9
2302,2010,48.1
2303,2009,47.1
2304,2008,46.2
2305,2007,45.3
2306,2006,44.3
2307,2005,43.3
2308,2004,42.3
2309,2003,41.5
2310,2002,48.0
2311,2001,41.0
2312,2000,39.0
2313,2015,83.1
2314,2014,82.9
2315,2013,82.7
2316,2012,82.5
2317,2011,82.2
2318,2010,82.0
2319,2009,81.7
2320,2008,81.4
2321,2007,81.1
2322,2006,87.0
2323,2005,82.0
2324,2004,79.7
2325,2003,79.3
2326,2002,79.0
2327,2001,78.7
2328,2000,78.3
2329,2015,76.7
2330,2014,76.4
2331,2013,76.1
2332,2012,75.8
2333,2011,75.6
2334,2010,75.1
2335,2009,75.0
2336,2008,74.7
2337,2007,74.4
2338,2006,74.3
2339,2005,74.0
2340,2004,74.1
2341,2003,73.8
2342,2002,73.7
2343,2001,73.3
2344,2000,73.0
2345,2015,88.0
2346,2014,87.0
2347,2013,85.0
2348,2012,82.0
2349,2011,79.8
2350,2010,79.5
2351,2009,79.1
2352,2008,78.9
2353,2007,78.3
2354,2006,78.1
2355,2005,77.5
2356,2004,77.2
2357,2003,76.5
2358,2002,76.6
2359,2001,76.2
2360,2000,76.0
2361,2015,69.2
2362,2014,68.8
2363,2013,68.8
2364,2012,68.7
2365,2011,68.5
2366,2010,68.3
2367,2009,68.1
2368,2008,68.0
2369,2007,67.6
2370,2006,67.6
2371,2005,67.4
2372,2004,67.1
2373,2003,66.8
2374,2002,66.5
2375,2001,66.2
2376,2000,65.8
2377,2015,55.0
2378,2014,54.3
2379,2013,54.2
2380,2012,53.1
2381,2011,53.1
2382,2010,52.4
2383,2009,52.2
2384,2008,51.9
2385,2007,51.5
2386,2006,51.5
2387,2005,51.6
2388,2004,51.2
2389,2003,51.1
2390,2002,58.0
2391,2001,57.0
2392,2000,55.0
2393,2015,62.9
2394,2014,62.0
2395,2013,69.0
2396,2012,59.2
2397,2011,58.9
2398,2010,58.0
2399,2009,56.5
2400,2008,55.3
2401,2007,54.5
2402,2006,54.0
2403,2005,53.8
2404,2004,53.7
2405,2003,54.0
2406,2002,54.9
2407,2001,56.0
2408,2000,57.3
2409,2015,57.3
2410,2014,56.6
2411,2013,56.4
2412,2012,56.0
2413,2011,55.4
2414,2010,55.0
2415,2009,54.3
2416,2008,53.6
2417,2007,53.1
2418,2006,52.5
2419,2005,51.9
2420,2004,51.4
2421,2003,58.0
2422,2002,52.0
2423,2001,49.6
2424,2000,48.9
2425,2015,82.8
2426,2014,82.6
2427,2013,82.4
2428,2012,82.0
2429,2011,82.1
2430,2010,81.9
2431,2009,81.6
2432,2008,81.3
2433,2007,89.0
2434,2006,88.0
2435,2005,81.0
2436,2004,81.0
2437,2003,79.4
2438,2002,79.5
2439,2001,79.4
2440,2000,79.1
2441,2015,74.9
2442,2014,74.7
2443,2013,74.6
2444,2012,74.5
2445,2011,74.5
2446,2010,74.5
2447,2009,71.8
2448,2008,72.3
2449,2007,73.7
2450,2006,73.8
2451,2005,74.2
2452,2004,69.1
2453,2003,73.9
2454,2002,73.7
2455,2001,72.7
2456,2000,71.5
2457,2015,64.1
2458,2014,63.8
2459,2013,63.5
2460,2012,63.2
2461,2011,62.7
2462,2010,62.5
2463,2009,62.0
2464,2008,61.8
2465,2007,61.4
2466,2006,61.0
2467,2005,67.0
2468,2004,59.7
2469,2003,59.6
2470,2002,59.4
2471,2001,58.9
2472,2000,58.6
2473,2015,71.6
2474,2014,71.4
2475,2013,71.2
2476,2012,71.3
2477,2011,76.0
2478,2010,73.0
2479,2009,70.0
2480,2008,69.8
2481,2007,69.5
2482,2006,69.3
2483,2005,68.9
2484,2004,68.3
2485,2003,68.0
2486,2002,67.9
2487,2001,67.7
2488,2000,67.4
2489,2015,58.9
2490,2014,58.4
2491,2013,57.6
2492,2012,56.5
2493,2011,55.0
2494,2010,53.6
2495,2009,52.6
2496,2008,51.4
2497,2007,50.0
2498,2006,47.8
2499,2005,46.0
2500,2004,45.6
2501,2003,45.9
2502,2002,46.4
2503,2001,47.1
2504,2000,48.4
2505,2015,82.4
2506,2014,82.3
2507,2013,81.9
2508,2012,81.7
2509,2011,81.7
2510,2010,81.5
2511,2009,81.4
2512,2008,81.1
2513,2007,89.0
2514,2006,88.0
2515,2005,85.0
2516,2004,83.0
2517,2003,82.0
2518,2002,79.9
2519,2001,79.8
2520,2000,79.6
2521,2015,83.4
2522,2014,83.2
2523,2013,83.0
2524,2012,82.7
2525,2011,82.6
2526,2010,82.3
2527,2009,82.1
2528,2008,82.0
2529,2007,81.7
2530,2006,81.5
2531,2005,81.1
2532,2004,81.0
2533,2003,85.0
2534,2002,84.0
2535,2001,82.0
2536,2000,79.7
2537,2015,64.5
2538,2014,64.4
2539,2013,63.6
2540,2012,62.8
2541,2011,71.7
2542,2010,73.7
2543,2009,73.8
2544,2008,73.8
2545,2007,73.8
2546,2006,73.7
2547,2005,73.5
2548,2004,73.2
2549,2003,73.0
2550,2002,72.8
2551,2001,72.7
2552,2000,72.6
2553,2015,69.7
2554,2014,69.6
2555,2013,69.3
2556,2012,68.8
2557,2011,68.1
2558,2010,67.3
2559,2009,66.7
2560,2008,66.4
2561,2007,66.1
2562,2006,65.9
2563,2005,65.5
2564,2004,65.9
2565,2003,65.2
2566,2002,64.3
2567,2001,64.0
2568,2000,63.7
2569,2015,74.9
2570,2014,74.6
2571,2013,74.5
2572,2012,74.3
2573,2011,74.1
2574,2010,73.9
2575,2009,73.7
2576,2008,73.5
2577,2007,73.3
2578,2006,73.0
2579,2005,72.5
2580,2004,71.6
2581,2003,71.7
2582,2002,71.4
2583,2001,71.2
2584,2000,71.1
2585,2015,75.7
2586,2014,75.5
2587,2013,75.3
2588,2012,75.1
2589,2011,74.9
2590,2010,74.7
2591,2009,74.4
2592,2008,74.2
2593,2007,73.5
2594,2006,73.7
2595,2005,73.6
2596,2004,73.5
2597,2003,73.2
2598,2002,72.8
2599,2001,73.1
2600,2000,72.6
2601,2015,68.3
2602,2014,68.0
2603,2013,67.7
2604,2012,67.4
2605,2011,67.2
2606,2010,66.9
2607,2009,66.6
2608,2008,66.2
2609,2007,65.8
2610,2006,64.9
2611,2005,63.7
2612,2004,62.3
2613,2003,61.0
2614,2002,62.0
2615,2001,59.4
2616,2000,58.7
2617,2015,59.9
2618,2014,59.7
2619,2013,59.4
2620,2012,58.9
2621,2011,58.3
2622,2010,57.4
2623,2009,56.7
2624,2008,56.2
2625,2007,55.9
2626,2006,55.7
2627,2005,55.0
2628,2004,54.9
2629,2003,54.7
2630,2002,54.7
2631,2001,54.6
2632,2000,54.6
2633,2015,73.5
2634,2014,73.3
2635,2013,73.2
2636,2012,73.0
2637,2011,72.9
2638,2010,72.8
2639,2009,72.5
2640,2008,72.6
2641,2007,72.5
2642,2006,72.4
2643,2005,72.3
2644,2004,72.2
2645,2003,72.0
2646,2002,71.9
2647,2001,71.8
2648,2000,71.6
2649,2015,71.2
2650,2014,71.1
2651,2013,71.0
2652,2012,78.0
2653,2011,76.0
2654,2010,74.0
2655,2009,71.0
2656,2008,69.9
2657,2007,69.7
2658,2006,69.6
2659,2005,69.5
2660,2004,69.4
2661,2003,69.3
2662,2002,69.2
2663,2001,69.1
2664,2000,69.1
2665,2015,75.3
2666,2014,75.1
2667,2013,74.9
2668,2012,74.9
2669,2011,74.8
2670,2010,74.8
2671,2009,74.7
2672,2008,74.7
2673,2007,74.6
2674,2006,74.4
2675,2005,74.2
2676,2004,74.0
2677,2003,73.7
2678,2002,73.5
2679,2001,73.2
2680,2000,72.9
2681,2015,75.8
2682,2014,75.5
2683,2013,75.2
2684,2012,74.8
2685,2011,74.5
2686,2010,74.2
2687,2009,73.9
2688,2008,73.5
2689,2007,73.2
2690,2006,72.8
2691,2005,72.4
2692,2004,72.0
2693,2003,71.6
2694,2002,71.2
2695,2001,78.0
2696,2000,74.0
2697,2015,66.3
2698,2014,66.0
2699,2013,65.4
2700,2012,65.6
2701,2011,65.6
2702,2010,65.8
2703,2009,65.6
2704,2008,64.5
2705,2007,64.1
2706,2006,63.7
2707,2005,63.3
2708,2004,63.5
2709,2003,63.4
2710,2002,63.3
2711,2001,64.0
2712,2000,63.8
2713,2013,69.22493169398908
2714,2015,62.3
2715,2014,61.5
2716,2013,67.0
2717,2012,60.0
2718,2011,59.3
2719,2010,58.4
2720,2009,57.5
2721,2008,56.3
2722,2007,55.5
2723,2006,54.9
2724,2005,53.2
2725,2004,51.3
2726,2003,51.0
2727,2002,48.8
2728,2001,47.7
2729,2000,46.6
2730,2015,71.3
2731,2014,78.0
2732,2013,71.0
2733,2012,77.0
2734,2011,75.0
2735,2010,69.8
2736,2009,69.2
2737,2008,67.7
2738,2007,67.5
2739,2006,67.7
2740,2005,67.0
2741,2004,67.4
2742,2003,67.6
2743,2002,67.6
2744,2001,67.7
2745,2000,67.5
2746,2015,77.1
2747,2014,76.9
2748,2013,76.7
2749,2012,76.5
2750,2011,76.3
2751,2010,76.2
2752,2009,76.0
2753,2008,75.8
2754,2007,75.6
2755,2006,75.4
2756,2005,75.3
2757,2004,75.1
2758,2003,74.9
2759,2002,74.7
2760,2001,74.5
2761,2000,74.2
2762,2015,81.2
2763,2014,81.0
2764,2013,87.0
2765,2012,86.0
2766,2011,86.0
2767,2010,82.0
2768,2009,81.0
2769,2008,79.6
2770,2007,79.5
2771,2006,79.3
2772,2005,79.0
2773,2004,78.8
2774,2003,78.3
2775,2002,78.2
2776,2001,78.0
2777,2000,77.8
2778,2015,61.8
2779,2014,67.0
2780,2013,59.7
2781,2012,58.6
2782,2011,58.3
2783,2010,57.5
2784,2009,56.9
2785,2008,56.2
2786,2007,54.5
2787,2006,53.1
2788,2005,52.2
2789,2004,51.5
2790,2003,58.0
2791,2002,52.0
2792,2001,49.6
2793,2000,49.2
2794,2015,79.3
2795,2014,79.1
2796,2013,78.9
2797,2012,78.8
2798,2011,78.7
2799,2010,78.7
2800,2009,78.5
2801,2008,78.2
2802,2007,78.1
2803,2006,77.8
2804,2005,77.5
2805,2004,77.5
2806,2003,77.2
2807,2002,77.0
2808,2001,76.9
2809,2000,76.8
2810,2015,77.0
2811,2014,76.8
2812,2013,76.8
2813,2012,76.5
2814,2011,77.0
2815,2010,76.3
2816,2009,76.6
2817,2008,76.4
2818,2007,75.4
2819,2006,76.2
2820,2005,75.7
2821,2004,75.4
2822,2003,75.4
2823,2002,75.4
2824,2001,75.2
2825,2000,75.1
2826,2015,69.4
2827,2014,69.2
2828,2013,69.1
2829,2012,68.8
2830,2011,68.5
2831,2010,68.3
2832,2009,68.0
2833,2008,67.9
2834,2007,67.8
2835,2006,67.6
2836,2005,67.3
2837,2004,67.8
2838,2003,67.2
2839,2002,67.1
2840,2001,67.4
2841,2000,67.1
2842,2015,72.0
2843,2014,71.7
2844,2013,71.6
2845,2012,71.4
2846,2011,71.2
2847,2010,71.0
2848,2009,78.0
2849,2008,75.0
2850,2007,73.0
2851,2006,71.0
2852,2005,69.9
2853,2004,69.6
2854,2003,69.4
2855,2002,69.3
2856,2001,69.1
2857,2000,69.0
2858,2015,74.1
2859,2014,73.9
2860,2013,73.8
2861,2012,73.7
2862,2011,73.8
2863,2010,73.7
2864,2009,73.6
2865,2008,73.2
2866,2007,73.4
2867,2006,73.6
2868,2005,73.6
2869,2004,73.3
2870,2003,72.4
2871,2002,73.1
2872,2001,72.5
2873,2000,72.5
2874,2015,76.0
2875,2014,75.9
2876,2013,75.7
2877,2012,75.6
2878,2011,75.4
2879,2010,75.2
2880,2009,75.0
2881,2008,74.9
2882,2007,74.7
2883,2006,74.6
2884,2005,74.4
2885,2004,74.2
2886,2003,74.0
2887,2002,73.8
2888,2001,73.6
2889,2000,73.4
2890,2015,65.7
2891,2014,65.4
2892,2013,65.4
2893,2012,64.7
2894,2011,64.6
2895,2010,64.4
2896,2009,64.1
2897,2008,63.8
2898,2007,63.4
2899,2006,63.0
2900,2005,62.6
2901,2004,62.2
2902,2003,61.9
2903,2002,61.5
2904,2001,61.1
2905,2000,68.0
2906,2015,61.8
2907,2014,61.1
2908,2013,63.0
2909,2012,59.2
2910,2011,58.2
2911,2010,58.0
2912,2009,57.4
2913,2008,55.7
2914,2007,52.6
2915,2006,58.0
2916,2005,49.3
2917,2004,47.9
2918,2003,46.4
2919,2002,45.5
2920,2001,44.6
2921,2000,43.8
2922,2015,67.0
2923,2014,59.2
2924,2013,58.0
2925,2012,56.6
2926,2011,54.9
2927,2010,52.4
2928,2009,50.0
2929,2008,48.2
2930,2007,46.6
2931,2006,45.4
2932,2005,44.6
2933,2004,44.3
2934,2003,44.5
2935,2002,44.8
2936,2001,45.3
2937,2000,46.0
