,Country,Year,LifeExpectancy,Population,Cardiovascular diseases,Digestive diseases,Infectious and parasitic diseases,Intentional injuries,Mental and substance use disorders,Neurological conditions,Respiratory diseases,Unintentional injuries
0,Afghanistan,2015,65.0,33736494.0,140.29999999999998,35.90000000000001,81.6,57.599999999999994,1.1,6.3,15.0,24.999999999999996
1,Afghanistan,2010,58.8,2883167.0,125.90000000000002,17.900000000000002,102.1,24.6,0.8,5.6,14.399999999999999,30.0
2,Afghanistan,2000,54.8,293756.0,101.6,14.1,173.49999999999991,17.9,0.5,4.2,12.2,22.5
3,Albania,2015,77.8,28873.0,32.5,2.2,0.1,0.5,0.0,2.8,1.6,1.3000000000000003
4,Albania,2010,76.2,291321.0,23.599999999999994,1.2000000000000002,0.1,0.7000000000000001,0.0,1.7000000000000002,1.2000000000000002,1.6000000000000003
5,Albania,2000,72.6,38927.0,23.0,1.3000000000000003,0.4,0.7,0.0,1.8000000000000003,1.8,2.3000000000000003
6,Algeria,2015,75.6,39871528.0,178.40000000000003,32.4,13.099999999999996,3.8000000000000003,2.6999999999999997,12.2,12.4,26.3
7,Algeria,2010,74.7,36117637.0,151.0,11.5,12.199999999999996,3.8,2.3000000000000003,9.600000000000001,10.6,25.200000000000003
8,Algeria,2000,71.3,3118366.0,129.2,10.2,18.3,9.4,1.7000000000000002,6.5,9.0,24.900000000000002
9,Angola,2015,52.4,2785935.0,60.2,34.0,165.89999999999992,9.2,1.0,4.5,8.6,28.800000000000004
10,Angola,2010,49.6,23369131.0,56.39999999999999,22.6,186.79999999999998,8.3,0.8999999999999999,3.9000000000000004,9.0,27.799999999999997
11,Angola,2000,45.3,1644924.0,49.50000000000001,18.9,251.99999999999997,15.000000000000002,0.9999999999999999,3.0000000000000004,9.2,21.800000000000004
12,Antigua and Barbuda,2015,76.4,12753375.120052494,0.4,0.0,0.0,0.0,0.0,0.0,0.0,0.0
13,Antigua and Barbuda,2010,75.6,12753375.120052494,0.30000000000000004,0.0,0.0,0.0,0.0,0.0,0.0,0.0
14,Antigua and Barbuda,2000,73.6,12753375.120052494,0.2,0.0,0.0,0.0,0.0,0.0,0.0,0.0
15,Argentina,2015,76.3,43417765.0,212.1,86.39999999999999,31.799999999999997,12.600000000000001,3.1999999999999997,14.200000000000001,70.8,28.399999999999995
16,Argentina,2010,75.5,41223889.0,215.7,30.300000000000004,35.0,11.399999999999999,3.1999999999999993,12.8,78.6,25.999999999999996
17,Argentina,2000,74.1,3757452.0,205.19999999999996,26.200000000000006,32.60000000000001,12.2,3.3000000000000003,9.5,61.60000000000001,26.499999999999993
18,Armenia,2015,74.8,291695.0,28.799999999999997,7.0,0.7999999999999999,0.6,0.0,0.1,3.0,1.7
19,Armenia,2010,73.5,2877311.0,31.1,4.2,0.5,0.6,0.0,0.1,2.3000000000000003,1.9000000000000001
20,Armenia,2000,72.0,369588.0,30.799999999999997,1.9000000000000004,0.6,0.4,0.0,0.30000000000000004,2.4000000000000004,2.3
21,Australia,2015,82.8,23789338.0,102.0,24.200000000000003,6.2,6.8999999999999995,5.800000000000001,35.6,23.5,11.7
22,Australia,2010,81.9,223175.0,99.7,11.100000000000001,4.5,5.8,4.7,25.0,20.2,10.199999999999998
23,Australia,2000,79.5,19153.0,107.6,9.100000000000001,3.3,5.3999999999999995,5.199999999999999,12.1,17.0,9.299999999999999
24,Austria,2015,81.5,8633169.0,78.60000000000001,15.7,2.1,2.9,1.7,8.299999999999999,8.9,6.1
25,Austria,2010,84.0,836344.0,72.9,7.8999999999999995,1.5999999999999999,2.8,1.5000000000000002,5.3999999999999995,8.0,5.6
26,Austria,2000,78.1,811566.0,87.19999999999999,8.899999999999999,0.8,3.4,1.1,2.2000000000000006,9.0,5.3999999999999995
27,Azerbaijan,2015,72.7,9649341.0,110.60000000000001,16.8,3.7,1.5000000000000002,0.5,3.8,4.5,5.6
28,Azerbaijan,2010,71.1,954332.0,95.50000000000001,10.799999999999997,4.599999999999998,1.3,0.4,3.0,3.8,5.6
29,Azerbaijan,2000,66.6,8486.0,69.9,10.2,8.799999999999999,1.0,0.6,2.5,3.9,5.5
30,Bahamas,2015,76.1,12753375.120052494,1.7000000000000002,0.5,0.4,0.2,0.0,0.1,0.0,0.2
31,Bahamas,2010,75.0,12753375.120052494,1.7000000000000002,0.2,0.4,0.2,0.0,0.1,0.0,0.1
32,Bahamas,2000,72.6,12753375.120052494,1.1,0.1,0.8,0.2,0.0,0.0,0.0,0.2
33,Bahrain,2015,76.9,12753375.120052494,2.2,0.9,0.0,0.2,0.0,0.2,0.2,0.30000000000000004
34,Bahrain,2010,76.1,12753375.120052494,2.2,0.30000000000000004,0.0,0.2,0.0,0.2,0.30000000000000004,0.30000000000000004
35,Bahrain,2000,74.5,12753375.120052494,2.2,0.30000000000000004,0.1,0.1,0.0,0.1,0.30000000000000004,0.6000000000000001
36,Bangladesh,2015,71.8,1612886.0,576.5000000000001,109.60000000000001,241.29999999999993,20.6,8.2,31.5,98.30000000000001,89.90000000000002
37,Bangladesh,2010,69.9,15214912.0,607.9,86.29999999999998,300.7000000000001,22.8,7.0,27.0,114.8,100.9
38,Bangladesh,2000,65.3,131581243.0,390.59999999999997,100.70000000000003,458.7000000000001,23.2,5.2,17.4,110.8,91.8
39,Barbados,2015,75.5,12753375.120052494,2.0,0.6,0.30000000000000004,0.0,0.0,0.2,0.2,0.2
40,Barbados,2010,74.7,12753375.120052494,1.9000000000000001,0.2,0.4,0.0,0.0,0.2,0.2,0.2
41,Barbados,2000,73.3,12753375.120052494,1.9000000000000004,0.2,0.5,0.0,0.0,0.1,0.2,0.1
42,Belarus,2015,72.3,9489616.0,166.49999999999997,13.399999999999997,1.7,5.4,7.2,8.299999999999999,4.3999999999999995,9.999999999999998
43,Belarus,2010,73.0,949583.0,184.39999999999998,13.899999999999997,2.6000000000000005,7.8,7.199999999999999,7.499999999999999,5.6,15.9
44,Belarus,2000,68.0,997961.0,175.29999999999995,7.899999999999999,2.2,10.8,6.8,6.2,11.2,16.6
45,Belgium,2015,81.1,11274196.0,71.49999999999999,21.299999999999997,5.300000000000001,4.6000000000000005,1.9000000000000001,22.000000000000004,18.2,9.399999999999999
46,Belgium,2010,80.0,1895586.0,74.19999999999999,10.8,5.6,4.8,1.5000000000000002,17.0,18.2,8.7
47,Belgium,2000,77.6,125125.0,84.4,10.5,4.700000000000001,5.0,1.3,10.8,18.0,8.9
48,Belize,2015,71.0,359288.0,0.7,0.4,0.30000000000000004,0.2,0.0,0.1,0.1,0.30000000000000004
49,Belize,2010,69.5,32168.0,0.6,0.1,0.2,0.2,0.0,0.0,0.0,0.1
50,Belize,2000,68.3,247315.0,0.7,0.1,0.2,0.2,0.0,0.0,0.0,0.30000000000000004
51,Benin,2015,60.0,1575952.0,31.099999999999998,16.2,58.50000000000003,3.0999999999999996,0.6,2.6,4.4,13.4
52,Benin,2010,58.7,9199259.0,27.2,9.599999999999998,62.90000000000001,2.8000000000000003,0.5,2.2,4.0,11.800000000000002
53,Benin,2000,55.4,6865951.0,22.999999999999996,8.299999999999999,71.09999999999998,2.2,0.4,1.6000000000000003,3.4,9.6
54,Bhutan,2015,69.8,787386.0,2.6000000000000005,0.8,0.8999999999999999,0.0,0.0,0.2,1.2000000000000002,0.6
55,Bhutan,2010,67.9,727641.0,2.2,0.30000000000000004,1.1,0.0,0.0,0.2,1.0,0.6
56,Bhutan,2000,62.0,573416.0,1.5999999999999999,0.30000000000000004,1.6,0.0,0.0,0.1,0.7999999999999999,0.8999999999999999
57,Bolivia,2015,77.0,12753375.120052494,44.99999999999999,32.5,9.399999999999999,3.4,1.4000000000000001,6.0,9.2,10.299999999999999
58,Bolivia,2010,68.7,12753375.120052494,36.6,14.1,12.199999999999996,3.5999999999999996,1.2000000000000002,4.6,7.6000000000000005,9.4
59,Bolivia,2000,62.6,12753375.120052494,29.5,12.200000000000003,20.699999999999996,2.4,1.2000000000000002,3.0,5.599999999999999,8.899999999999999
60,Bosnia and Herzegovina,2015,77.4,3535961.0,44.8,4.9,0.30000000000000004,0.9,0.2,2.8,2.4,2.2
61,Bosnia and Herzegovina,2010,76.4,372284.0,46.9,2.9000000000000004,0.5,1.0,0.2,2.8,2.8000000000000003,2.5
62,Bosnia and Herzegovina,2000,74.6,376676.0,34.800000000000004,3.1000000000000005,0.5,0.7999999999999999,0.4,1.9000000000000001,2.2,2.6000000000000005
63,Botswana,2015,65.7,229197.0,8.999999999999998,3.7000000000000006,12.2,1.6,0.1,0.5,1.3,2.2000000000000006
64,Botswana,2010,61.1,214866.0,7.999999999999999,2.2000000000000006,16.500000000000004,1.6,0.1,0.4,1.3,2.2000000000000006
65,Botswana,2000,47.8,172834.0,8.299999999999999,2.600000000000001,33.7,1.7,0.1,0.4,1.9,2.6
66,Brazil,2015,75.0,2596218.0,840.8000000000001,290.30000000000007,132.6,158.1,21.7,79.6,167.8,157.8
67,Brazil,2010,73.8,196796269.0,803.1,145.2,122.49999999999999,142.89999999999998,21.2,59.7,152.20000000000002,158.70000000000002
68,Brazil,2000,75.0,175287587.0,707.8000000000001,119.50000000000001,136.1,127.1,15.300000000000002,23.7,155.6,127.7
69,Brunei Darussalam,2015,77.7,12753375.120052494,0.9999999999999999,0.30000000000000004,0.2,0.0,0.0,0.1,0.1,0.1
70,Brunei Darussalam,2010,76.9,12753375.120052494,0.9,0.0,0.2,0.0,0.0,0.0,0.2,0.1
71,Brunei Darussalam,2000,74.4,12753375.120052494,0.7,0.0,0.0,0.0,0.0,0.0,0.1,0.2
72,Bulgaria,2015,74.5,7177991.0,163.9,15.299999999999999,1.4,1.6,0.30000000000000004,2.2,10.3,4.2
73,Bulgaria,2010,73.4,7395599.0,172.59999999999997,8.299999999999999,1.2999999999999998,2.1,0.4,2.1,10.6,4.0
74,Bulgaria,2000,71.1,817172.0,185.20000000000005,7.7,1.6000000000000003,3.5999999999999996,0.30000000000000004,1.6,7.3999999999999995,5.5
75,Burkina Faso,2015,59.9,1811624.0,41.9,21.000000000000004,115.99999999999997,6.499999999999999,0.6,3.0000000000000004,4.4,23.6
76,Burkina Faso,2010,57.5,1565217.0,37.8,12.099999999999998,166.59999999999997,5.699999999999999,0.5,2.6,4.0,18.5
77,Burkina Faso,2000,51.0,1167942.0,28.900000000000002,12.7,211.19999999999996,4.4,0.5,2.2,3.8,14.600000000000001
78,Burundi,2015,59.6,119927.0,22.299999999999997,10.799999999999997,46.6,4.2,0.2,1.4000000000000001,4.199999999999999,14.000000000000002
79,Burundi,2010,56.8,876693.0,20.9,7.199999999999998,53.80000000000001,2.8999999999999995,0.2,1.3,4.199999999999999,12.700000000000001
80,Burundi,2000,58.0,6476.0,21.5,7.899999999999999,107.30000000000001,31.0,0.2,1.0,4.3,8.3
81,Ivory Coast,2015,53.3,12753375.120052494,60.699999999999996,34.50000000000001,145.89999999999995,10.3,2.3000000000000003,4.8,8.8,26.9
82,Ivory Coast,2010,51.5,12753375.120052494,61.3,22.500000000000007,178.89999999999998,10.2,1.8,4.2,8.8,24.8
83,Ivory Coast,2000,47.9,12753375.120052494,54.49999999999999,21.900000000000006,261.9,9.799999999999999,1.0,3.4,8.100000000000001,20.900000000000002
84,Cabo Verde,2015,73.3,532913.0,1.6000000000000003,0.4,0.1,0.30000000000000004,0.0,0.2,0.1,0.4
85,Cabo Verde,2010,72.5,52384.0,1.3,0.2,0.4,0.2,0.0,0.1,0.1,0.30000000000000004
86,Cabo Verde,2000,69.9,43579.0,0.9999999999999999,0.2,0.5,0.2,0.0,0.1,0.1,0.30000000000000004
87,Cambodia,2015,68.7,15517635.0,58.800000000000004,35.3,21.400000000000002,2.4,0.4,3.2,7.8999999999999995,14.2
88,Cambodia,2010,66.6,143874.0,50.9,27.500000000000007,27.999999999999996,2.4,0.30000000000000004,2.4000000000000004,7.1,14.5
89,Cambodia,2000,57.7,12152354.0,40.69999999999999,23.400000000000006,65.89999999999999,2.4,0.30000000000000004,1.7,6.1,15.0
90,Cameroon,2015,57.3,22834522.0,63.099999999999994,35.9,163.09999999999994,10.9,2.6,5.2,8.8,29.799999999999997
91,Cameroon,2010,55.3,1997495.0,61.39999999999999,20.300000000000004,170.69999999999996,8.0,1.9,4.8,9.0,27.8
92,Cameroon,2000,51.4,15274234.0,51.3,19.100000000000005,195.0999999999999,6.4,1.3,3.6,8.2,21.1
93,Canada,2015,82.2,3584861.0,153.20000000000002,43.2,10.799999999999999,10.6,11.799999999999999,63.2,37.8,20.0
94,Canada,2010,81.2,345274.0,147.5,21.7,11.2,9.4,9.899999999999999,47.699999999999996,33.8,19.5
95,Canada,2000,79.1,37697.0,166.70000000000002,18.5,6.799999999999999,8.4,6.6,28.999999999999996,28.6,16.4
96,Central African Republic,2015,52.5,45461.0,20.1,8.299999999999999,51.40000000000001,4.6,0.2,0.8,3.6999999999999997,6.4
97,Central African Republic,2010,49.2,4448525.0,20.8,6.3999999999999995,64.3,4.0,0.2,0.8999999999999999,4.0,6.000000000000001
98,Central African Republic,2000,46.0,3754986.0,20.5,6.699999999999999,74.9,3.1999999999999997,0.2,0.8,4.0,5.700000000000001
99,Chad,2015,53.1,149413.0,33.099999999999994,19.4,108.79999999999998,5.8,0.7000000000000001,2.6,5.5,19.8
100,Chad,2010,51.2,1188722.0,29.999999999999996,11.999999999999996,126.69999999999999,4.3,0.5,2.4,5.2,17.0
101,Chad,2000,47.6,8342559.0,22.7,9.7,127.39999999999998,5.5,0.30000000000000004,1.7000000000000004,4.0,12.900000000000002
102,Chile,2015,85.0,17762681.0,66.4,31.700000000000003,5.499999999999998,5.2,1.0999999999999999,10.4,13.799999999999999,10.9
103,Chile,2010,79.1,16993354.0,64.1,17.3,4.300000000000001,5.6,1.2000000000000002,11.1,13.399999999999999,10.700000000000001
104,Chile,2000,77.3,15262754.0,53.0,14.399999999999999,4.6,4.9,1.3000000000000003,4.6,8.799999999999999,11.000000000000002
105,China,2015,76.1,137122.0,9719.699999999999,1206.7,271.29999999999995,258.8,97.60000000000001,650.8,1920.9,1141.5
106,China,2010,75.0,133775.0,9184.8,705.1999999999998,342.59999999999997,313.9,87.30000000000001,572.1999999999999,2161.6,1231.9000000000003
107,China,2000,71.7,1262645.0,7560.299999999999,758.0000000000002,566.6,437.4,86.8,416.2,2727.2,1209.4
108,Colombia,2015,74.8,48228697.0,148.0,47.800000000000004,14.499999999999998,47.1,1.2000000000000002,7.1,34.5,25.3
109,Colombia,2010,73.6,4591897.0,124.7,21.0,14.799999999999997,61.1,0.9,5.1,29.499999999999996,23.5
110,Colombia,2000,71.4,443958.0,110.49999999999997,15.5,16.999999999999996,81.60000000000001,0.5,2.6,21.3,25.099999999999998
111,Comoros,2015,63.5,777424.0,1.8,0.7999999999999999,1.6000000000000003,0.2,0.0,0.1,0.2,0.7000000000000001
112,Comoros,2010,61.8,689692.0,1.7,0.4,1.8000000000000005,0.2,0.0,0.1,0.2,0.7000000000000001
113,Comoros,2000,59.5,542357.0,1.6,0.30000000000000004,2.1000000000000005,0.2,0.0,0.0,0.30000000000000004,0.5
114,Republic of Congo,2015,64.7,12753375.120052494,13.899999999999999,5.7,29.100000000000005,1.6,0.2,0.8,1.6,4.200000000000001
115,Republic of Congo,2010,62.0,12753375.120052494,13.799999999999999,4.299999999999999,25.300000000000004,1.8,0.30000000000000004,0.8,1.7999999999999998,4.2
116,Republic of Congo,2000,52.9,12753375.120052494,13.7,4.1,37.70000000000002,2.7,0.4,0.5,1.9,3.6000000000000005
117,Costa Rica,2015,79.6,487852.0,12.600000000000001,6.600000000000001,0.8999999999999999,1.7999999999999998,0.2,1.6,2.6,2.9
118,Costa Rica,2010,78.1,454528.0,12.199999999999998,3.2,0.7999999999999999,1.6,0.1,1.3,2.6,2.8000000000000003
119,Costa Rica,2000,77.6,3925443.0,10.6,2.4000000000000004,0.8999999999999999,1.1,0.1,0.5,2.2,2.5
120,Croatia,2015,78.0,42364.0,59.1,8.9,0.7,1.5,0.7999999999999999,4.3,4.6,3.9999999999999996
121,Croatia,2010,76.6,4417781.0,59.10000000000001,5.8999999999999995,0.7,1.8000000000000003,0.9,2.8,3.9000000000000004,4.0
122,Croatia,2000,74.7,4426.0,61.8,6.299999999999999,1.1,2.0,0.6,1.6000000000000003,3.4000000000000004,3.8
123,Cuba,2015,79.1,12753375.120052494,82.29999999999998,14.1,2.6000000000000005,4.4,1.6,12.999999999999998,11.1,11.199999999999998
124,Cuba,2010,78.0,12753375.120052494,81.50000000000001,8.1,2.2,4.2,1.1,10.0,9.400000000000002,9.799999999999999
125,Cuba,2000,76.9,12753375.120052494,70.20000000000002,6.999999999999999,1.7000000000000002,5.0,0.8,4.8,9.2,10.1
126,Cyprus,2015,85.0,116985.0,5.2,1.2,0.30000000000000004,0.2,0.0,0.7999999999999999,1.2,0.4
127,Cyprus,2010,79.5,111267.0,5.2,0.4,0.2,0.2,0.0,0.5,0.9,0.5
128,Cyprus,2000,78.1,943286.0,5.4,0.4,0.1,0.0,0.0,0.30000000000000004,0.7999999999999999,0.6000000000000001
129,Czechia,2015,78.8,12753375.120052494,112.79999999999998,16.200000000000003,4.1,3.0,1.2000000000000002,8.7,10.199999999999998,8.299999999999997
130,Czechia,2010,77.5,12753375.120052494,120.1,11.700000000000001,2.0,3.4,0.9999999999999999,2.2,7.199999999999999,8.5
131,Czechia,2000,74.7,12753375.120052494,129.89999999999998,10.099999999999998,0.7,3.7,0.7,2.6,6.7,10.5
132,Democratic People's Republic of Korea,2015,76.0,12753375.120052494,227.99999999999997,34.7,25.00000000000001,7.5,1.5,10.2,55.1,24.2
133,Democratic People's Republic of Korea,2010,69.0,12753375.120052494,194.79999999999998,18.300000000000004,45.10000000000002,7.2,1.4000000000000001,8.0,49.699999999999996,22.499999999999996
134,Democratic People's Republic of Korea,2000,65.4,12753375.120052494,128.2,14.799999999999999,83.1,7.300000000000001,1.0999999999999999,5.3,37.5,20.6
135,Democratic Republic of the Congo,2015,59.8,12753375.120052494,205.90000000000003,91.39999999999999,551.0,33.2,2.6,13.5,41.0,92.1
136,Democratic Republic of the Congo,2010,57.4,12753375.120052494,195.10000000000002,61.3,601.4000000000001,29.599999999999998,2.0999999999999996,11.399999999999999,40.3,83.5
137,Democratic Republic of the Congo,2000,51.3,12753375.120052494,150.4,49.70000000000001,736.2000000000002,25.8,2.4,7.8999999999999995,30.9,62.60000000000001
138,Denmark,2015,86.0,5683483.0,30.900000000000002,8.100000000000001,2.1,1.4,2.3000000000000003,10.599999999999998,9.5,2.3000000000000003
139,Denmark,2010,79.2,5547683.0,35.199999999999996,6.9,2.1,1.4,2.4000000000000004,8.9,9.2,2.4
140,Denmark,2000,76.9,5339616.0,47.4,6.499999999999999,0.8,1.8000000000000003,1.6,4.499999999999999,9.9,4.5
141,Djibouti,2015,63.5,927414.0,3.6,1.7,3.1,0.4,0.0,0.2,0.4,0.7999999999999999
142,Djibouti,2010,61.3,851146.0,3.0,0.7,3.6999999999999997,0.30000000000000004,0.0,0.2,0.4,0.7999999999999999
143,Djibouti,2000,57.4,717584.0,2.1,0.6,4.199999999999999,0.30000000000000004,0.0,0.1,0.30000000000000004,0.7000000000000001
144,Dominican Republic,2015,73.9,1528394.0,59.099999999999994,16.2,8.799999999999997,5.4,0.6,4.4,3.8000000000000003,11.0
145,Dominican Republic,2010,72.7,9897985.0,39.0,5.499999999999999,11.499999999999996,6.4,0.5,3.1999999999999997,2.6,8.4
146,Dominican Republic,2000,72.0,8562622.0,20.9,4.9,15.799999999999999,3.6,0.4,1.7000000000000002,1.5000000000000002,7.299999999999999
147,Ecuador,2015,76.2,16144368.0,41.099999999999994,32.8,5.899999999999998,5.699999999999999,1.1,6.599999999999999,6.599999999999999,14.099999999999998
148,Ecuador,2010,75.0,1493469.0,38.5,14.5,6.199999999999998,9.4,1.4000000000000001,5.8999999999999995,5.799999999999999,14.399999999999999
149,Ecuador,2000,72.8,12628596.0,26.899999999999995,9.4,9.999999999999996,7.6,1.1,4.199999999999999,3.4,9.299999999999999
150,Egypt,2015,79.0,12753375.120052494,548.8,249.39999999999998,30.6,16.1,0.5,19.900000000000002,43.599999999999994,41.7
151,Egypt,2010,70.0,12753375.120052494,461.40000000000003,159.7,27.299999999999997,11.999999999999998,0.5,16.1,37.800000000000004,40.900000000000006
152,Egypt,2000,68.8,12753375.120052494,342.59999999999997,126.79999999999998,52.599999999999994,9.2,0.2,11.8,30.1,31.5
153,El Salvador,2015,73.5,6312478.0,19.999999999999996,18.5,6.199999999999998,11.9,1.8000000000000003,1.7000000000000002,5.799999999999999,4.4
154,El Salvador,2010,72.0,6164626.0,14.3,4.000000000000001,3.2,9.600000000000001,1.2,1.7000000000000002,4.1,4.199999999999999
155,El Salvador,2000,69.0,5867626.0,12.099999999999998,3.7,5.299999999999999,8.6,1.8000000000000003,1.4,2.8,5.5
156,Equatorial Guinea,2015,58.2,1175389.0,2.7,1.5000000000000002,8.6,0.30000000000000004,0.1,0.1,0.4,0.9999999999999999
157,Equatorial Guinea,2010,56.1,95114.0,2.4000000000000004,0.6,8.2,0.2,0.0,0.1,0.4,0.7000000000000001
158,Equatorial Guinea,2000,52.7,614323.0,2.4,0.5,6.999999999999999,0.2,0.0,0.1,0.4,0.6
159,Eritrea,2015,64.7,12753375.120052494,14.3,7.199999999999999,12.2,1.6,0.1,0.8999999999999999,2.0,4.699999999999999
160,Eritrea,2010,62.1,43984.0,13.6,5.099999999999999,13.299999999999997,1.6,0.1,0.8,2.1,4.6
161,Eritrea,2000,45.3,339281.0,10.999999999999998,4.299999999999999,15.699999999999998,3.1,0.1,0.4,1.7999999999999998,3.4000000000000004
162,Estonia,2015,77.6,131547.0,17.099999999999998,2.0000000000000004,0.1,0.5,0.7,0.7,0.6,0.7999999999999999
163,Estonia,2010,75.6,1331475.0,19.200000000000003,1.5000000000000002,0.1,0.7,0.7,0.5,0.5,1.2
164,Estonia,2000,78.0,1396985.0,24.3,1.7000000000000002,0.30000000000000004,1.2,0.7,0.2,0.7,2.2
165,Ethiopia,2015,64.8,9987333.0,213.50000000000003,139.79999999999998,377.89999999999986,28.200000000000003,2.6000000000000005,19.8,32.4,108.6
166,Ethiopia,2010,61.8,877267.0,198.8,94.69999999999999,451.0999999999999,28.6,2.3000000000000003,17.2,32.6,105.80000000000001
167,Ethiopia,2000,51.2,66537331.0,197.4,92.1,816.5,122.6,2.1,12.800000000000002,34.7,90.39999999999999
168,Fiji,2015,69.9,892149.0,5.1,1.1000000000000003,0.30000000000000004,0.2,0.0,0.2,0.7,0.6
169,Fiji,2010,69.1,85995.0,4.9,0.30000000000000004,0.30000000000000004,0.2,0.0,0.1,0.7,0.6
170,Fiji,2000,67.7,811223.0,4.4,0.2,0.4,0.2,0.0,0.1,0.8,0.6
171,Finland,2015,81.1,5479531.0,43.6,6.700000000000001,0.5,1.7000000000000002,2.1,20.800000000000004,3.4,4.0
172,Finland,2010,79.9,5363352.0,45.6,6.199999999999999,0.8,2.2,2.2,14.9,3.3,4.699999999999999
173,Finland,2000,77.5,517629.0,48.2,4.9,0.7,2.8000000000000003,2.0,8.4,3.1,4.5
174,France,2015,82.4,6662468.0,340.90000000000003,96.6,25.499999999999996,22.2,13.799999999999999,128.9,67.5,54.60000000000001
175,France,2010,81.3,6527512.0,336.6,59.400000000000006,25.1,24.200000000000003,13.7,99.1,55.3,50.7
176,France,2000,78.8,6912498.0,373.8,59.39999999999999,24.5,25.400000000000002,10.899999999999999,69.30000000000001,54.800000000000004,58.5
177,Gabon,2015,66.0,193175.0,6.2,3.0000000000000004,8.6,0.8,0.0,0.30000000000000004,0.6,1.5000000000000002
178,Gabon,2010,62.3,16421.0,6.0,1.5000000000000004,9.7,0.7,0.0,0.30000000000000004,0.6,1.4000000000000004
179,Gabon,2000,61.0,1231122.0,6.3999999999999995,1.6000000000000005,11.099999999999998,0.6,0.0,0.30000000000000004,0.7000000000000001,1.0999999999999999
180,Gambia,2015,61.1,12753375.120052494,4.8999999999999995,2.1,7.8999999999999995,0.6000000000000001,0.0,0.30000000000000004,0.6,2.3000000000000007
181,Gambia,2010,59.3,12753375.120052494,4.3,1.3,8.1,0.6000000000000001,0.0,0.2,0.6,2.1000000000000005
182,Gambia,2000,55.9,12753375.120052494,3.1,1.3,9.1,0.5,0.0,0.1,0.4,1.7000000000000004
183,Georgia,2015,74.4,37171.0,80.7,10.3,0.5,1.1,0.4,4.4,2.9000000000000004,3.8000000000000003
184,Georgia,2010,73.8,3926.0,83.89999999999999,6.199999999999999,0.6000000000000001,1.0999999999999999,0.30000000000000004,3.5,3.0000000000000004,3.8
185,Georgia,2000,71.8,44183.0,89.39999999999999,5.899999999999999,1.0999999999999999,1.2,0.1,3.4,2.1,3.1000000000000005
186,Germany,2015,81.0,81686611.0,769.1,193.79999999999998,43.4,23.3,18.199999999999996,136.3,121.2,50.199999999999996
187,Germany,2010,81.0,8177693.0,739.0999999999999,101.10000000000002,32.699999999999996,23.0,15.799999999999999,80.89999999999999,104.2,41.8
188,Germany,2000,78.0,8221158.0,849.9000000000001,101.10000000000001,23.2,25.6,15.9,36.5,95.89999999999999,42.5
189,Ghana,2015,62.4,27582821.0,80.8,38.8,116.80000000000001,7.5,1.9,4.3,11.2,26.400000000000002
190,Ghana,2010,69.0,2451214.0,74.80000000000001,25.100000000000005,135.9,7.0,1.6000000000000003,3.6999999999999997,10.4,24.200000000000003
191,Ghana,2000,57.2,18938762.0,49.099999999999994,19.400000000000006,169.79999999999998,4.7,0.5,2.6000000000000005,6.6,18.499999999999996
192,Greece,2015,81.0,182883.0,110.9,21.400000000000002,8.8,1.2000000000000002,0.7999999999999999,8.5,22.6,6.8
193,Greece,2010,83.0,11121341.0,115.59999999999998,6.4,2.7,1.2,0.8999999999999999,3.4000000000000004,21.6,5.3
194,Greece,2000,78.2,18588.0,127.6,6.299999999999999,1.2999999999999998,1.0,0.8999999999999999,3.0000000000000004,19.2,7.1
195,Grenada,2015,73.6,12753375.120052494,0.7,0.0,0.0,0.0,0.0,0.0,0.0,0.0
196,Grenada,2010,72.6,12753375.120052494,0.9,0.0,0.0,0.0,0.0,0.0,0.0,0.0
197,Grenada,2000,74.0,12753375.120052494,0.6,0.0,0.0,0.0,0.0,0.0,0.0,0.0
198,Guatemala,2015,71.9,16252429.0,35.6,40.4,10.499999999999998,11.0,4.0,5.5,4.699999999999999,16.4
199,Guatemala,2010,77.0,1463417.0,29.299999999999997,19.3,11.200000000000001,14.5,4.199999999999999,4.3999999999999995,4.0,14.499999999999996
200,Guatemala,2000,67.7,1165743.0,21.900000000000002,15.299999999999999,17.800000000000004,8.6,5.0,2.8,3.0,10.299999999999999
201,Guinea,2015,59.0,1291533.0,32.9,16.2,82.69999999999997,3.8000000000000003,0.6,2.2,5.4,14.5
202,Guinea,2010,57.8,179417.0,29.2,9.399999999999999,90.30000000000001,3.4,0.5,2.0,4.799999999999999,13.100000000000001
203,Guinea,2000,52.5,888546.0,21.2,7.799999999999999,120.0,4.9,0.2,1.5000000000000002,3.8,10.500000000000002
204,Guinea-Bissau,2015,58.9,177526.0,4.699999999999999,2.400000000000001,13.099999999999998,0.6000000000000001,0.0,0.2,0.6,2.3000000000000007
205,Guinea-Bissau,2010,56.7,155588.0,4.799999999999999,1.7000000000000002,12.599999999999998,0.6000000000000001,0.0,0.2,0.8,2.3000000000000003
206,Guinea-Bissau,2000,52.1,1243229.0,4.3,1.6000000000000003,16.599999999999998,0.6000000000000001,0.0,0.2,0.7,1.9000000000000004
207,Guyana,2015,66.2,768514.0,5.6,1.5000000000000002,1.3,1.0,0.0,0.1,0.4,1.0
208,Guyana,2010,65.9,746556.0,5.2,0.8,1.5000000000000002,0.7000000000000001,0.0,0.1,0.30000000000000004,0.8999999999999999
209,Guyana,2000,65.4,75331.0,4.3,0.7,1.5,0.7000000000000001,0.0,0.1,0.4,0.8
210,Haiti,2015,63.5,171161.0,68.4,19.7,22.8,6.6000000000000005,1.1,3.2,7.2,13.100000000000001
211,Haiti,2010,36.3,9999617.0,59.699999999999996,10.999999999999998,30.299999999999997,6.4,0.9,2.8000000000000003,7.0,462.20000000000005
212,Haiti,2000,58.6,85492.0,50.80000000000001,9.399999999999999,46.30000000000001,5.0,0.6,2.4,5.9,12.299999999999999
213,Honduras,2015,74.6,896829.0,36.199999999999996,23.7,6.099999999999999,13.2,1.0,4.0,7.4,7.7
214,Honduras,2010,73.6,8194778.0,24.400000000000002,9.799999999999999,6.099999999999998,13.5,0.6,2.9,5.0,5.3999999999999995
215,Honduras,2000,71.0,6524283.0,16.5,7.099999999999999,9.700000000000001,7.1,0.4,1.8,3.4,4.1000000000000005
216,Hungary,2015,75.8,984328.0,136.1,19.3,1.9999999999999998,4.2,1.2000000000000002,9.3,14.199999999999998,7.3
217,Hungary,2010,74.5,123.0,137.80000000000004,19.7,1.1,5.4,1.3000000000000003,7.4,10.999999999999998,8.399999999999999
218,Hungary,2000,71.7,121971.0,163.49999999999997,27.5,1.5000000000000002,7.3999999999999995,1.4,4.1000000000000005,10.0,12.299999999999997
219,Iceland,2015,82.7,33815.0,1.4000000000000004,0.1,0.0,0.0,0.0,0.5,0.2,0.1
220,Iceland,2010,81.8,31841.0,1.6000000000000003,0.1,0.0,0.0,0.0,0.4,0.2,0.1
221,Iceland,2000,79.7,28125.0,1.6000000000000003,0.0,0.0,0.0,0.0,0.2,0.2,0.1
222,India,2015,68.3,1395398.0,5284.299999999999,1821.6999999999994,3155.7999999999993,427.90000000000003,70.89999999999999,352.0,2137.2,1288.1000000000001
223,India,2010,66.4,12398691.0,4648.7,1117.8,3836.0000000000014,472.0,64.4,282.4,1864.4,1324.6999999999998
224,India,2000,62.5,1535912.0,3908.8,1019.1999999999999,5268.800000000001,475.8,51.3,230.9,1700.0,1270.6
225,Indonesia,2015,69.1,258162113.0,1557.8,443.8,498.39999999999986,36.1,3.5999999999999996,62.300000000000004,198.79999999999998,133.9
226,Indonesia,2010,68.1,242524123.0,1332.7,301.99999999999994,524.1999999999998,36.50000000000001,3.1999999999999997,52.50000000000001,191.29999999999998,138.4
227,Indonesia,2000,66.3,21154429.0,1002.0,272.49999999999994,623.4999999999999,40.50000000000001,2.5,37.300000000000004,165.2,143.8
228,Iran,2015,75.5,12753375.120052494,320.59999999999997,58.10000000000001,15.899999999999999,16.8,6.4,26.6,29.000000000000004,62.0
229,Iran,2010,74.1,12753375.120052494,281.6,22.5,15.4,17.3,11.4,20.7,24.2,73.5
230,Iran,2000,73.0,12753375.120052494,260.7,18.400000000000002,19.4,18.4,8.4,13.7,19.7,67.4
231,Iraq,2015,68.9,36115649.0,131.3,24.5,10.499999999999998,69.2,1.2000000000000002,6.300000000000001,4.7,31.400000000000002
232,Iraq,2010,76.0,376271.0,121.50000000000001,7.499999999999998,13.199999999999996,25.499999999999996,1.0,5.6,4.8,28.5
233,Iraq,2000,70.0,23565413.0,109.00000000000003,6.599999999999999,18.2,14.2,0.6000000000000001,4.8,5.0,26.9
234,Ireland,2015,81.4,4676835.0,19.1,4.000000000000001,0.6000000000000001,0.9,0.8,5.699999999999999,4.999999999999999,1.3
235,Ireland,2010,86.0,456155.0,19.999999999999996,2.4000000000000004,0.4,1.2000000000000002,0.8,3.3,4.0,1.4
236,Ireland,2000,76.4,385174.0,26.900000000000002,2.2000000000000006,0.30000000000000004,1.0,0.5,1.8,5.2,2.2
237,Israel,2015,82.5,8381.0,23.8,12.300000000000002,5.4,1.0,0.4,6.199999999999999,5.4,2.5
238,Israel,2010,81.7,76236.0,23.1,3.0,3.4000000000000004,1.5,0.2,4.6,4.6,2.6000000000000005
239,Israel,2000,78.9,6289.0,25.200000000000003,2.6000000000000005,2.4000000000000004,1.4000000000000001,0.5,3.0,4.7,2.7
240,Italy,2015,82.7,673582.0,540.2,100.5,36.7,9.6,4.199999999999999,97.69999999999999,84.6,38.49999999999999
241,Italy,2010,81.8,59277417.0,493.7,55.10000000000001,23.1,9.2,3.8,71.4,72.2,38.2
242,Italy,2000,79.4,5694218.0,543.6,62.900000000000006,11.5,10.100000000000001,3.9,43.8,76.5,43.199999999999996
243,Jamaica,2015,76.2,2871934.0,12.600000000000001,3.4999999999999996,1.5,3.0,0.0,1.5,1.0,1.3000000000000003
244,Jamaica,2010,75.0,281721.0,10.700000000000001,0.7999999999999999,1.5,3.3000000000000003,0.0,1.3,1.0,1.2
245,Jamaica,2000,72.6,2656864.0,10.4,0.8999999999999999,2.4000000000000004,2.4000000000000004,0.0,1.2000000000000002,1.0,1.2
246,Japan,2015,83.7,127141.0,834.6999999999999,262.59999999999997,61.10000000000001,49.599999999999994,4.4,94.1,224.79999999999998,86.39999999999998
247,Japan,2010,83.0,1287.0,825.1999999999999,109.39999999999999,61.699999999999996,63.0,3.9000000000000004,54.800000000000004,178.19999999999996,88.80000000000001
248,Japan,2000,81.1,126843.0,729.5,91.2,47.3,62.599999999999994,2.9,24.400000000000002,115.19999999999999,89.9
249,Jordan,2015,74.1,915932.0,18.1,5.7,0.8999999999999999,0.8,0.30000000000000004,1.4000000000000001,1.1,5.699999999999999
250,Jordan,2010,73.4,718239.0,14.600000000000001,1.5000000000000004,0.9,0.6000000000000001,0.30000000000000004,1.0,1.0,4.3999999999999995
251,Jordan,2000,71.7,51313.0,14.6,1.5000000000000004,1.2,0.6000000000000001,0.0,0.7999999999999999,1.1,4.000000000000001
252,Kazakhstan,2015,72.0,17544126.0,143.59999999999997,28.50000000000001,4.0,10.4,4.9,5.8999999999999995,15.8,15.600000000000003
253,Kazakhstan,2010,67.8,16321581.0,162.0,22.699999999999996,7.2,13.299999999999999,6.0,5.3,11.600000000000001,19.2
254,Kazakhstan,2000,63.9,14883626.0,185.3,16.999999999999996,13.399999999999999,17.2,6.699999999999999,5.699999999999999,14.000000000000002,19.5
255,Kenya,2015,63.4,47236259.0,71.30000000000001,57.90000000000001,227.50000000000003,12.1,0.8999999999999999,5.2,12.0,45.70000000000001
256,Kenya,2010,63.0,4135152.0,63.09999999999999,41.9,270.29999999999995,10.299999999999999,0.7,4.3999999999999995,11.1,40.60000000000001
257,Kenya,2000,51.9,3145483.0,55.69999999999999,38.5,383.2000000000001,8.6,0.7,3.7,9.8,35.9
258,Kiribati,2015,66.3,11247.0,0.8,0.1,0.2,0.0,0.0,0.0,0.1,0.0
259,Kiribati,2010,65.3,12652.0,0.6,0.1,0.2,0.0,0.0,0.0,0.1,0.0
260,Kiribati,2000,64.1,8446.0,0.6,0.0,0.2,0.0,0.0,0.0,0.1,0.0
261,Kuwait,2015,74.7,12753375.120052494,4.9,0.7,0.1,0.5,0.0,0.2,0.2,1.8000000000000003
262,Kuwait,2010,74.0,12753375.120052494,3.4000000000000004,0.2,0.1,0.30000000000000004,0.0,0.2,0.1,1.6
263,Kuwait,2000,73.2,12753375.120052494,2.7000000000000006,0.2,0.1,0.2,0.0,0.1,0.1,1.4000000000000001
264,Kyrgyzstan,2015,71.1,12753375.120052494,36.8,8.0,1.7000000000000002,1.8,1.0,1.7,2.7,4.1000000000000005
265,Kyrgyzstan,2010,68.8,12753375.120052494,37.900000000000006,6.8,2.4,3.2,1.2000000000000002,1.6,3.4,4.2
266,Kyrgyzstan,2000,66.6,12753375.120052494,37.10000000000001,5.799999999999999,4.1,2.6,1.3000000000000003,1.5000000000000002,5.4,4.4
267,Lao People's Democratic Republic,2015,65.7,12753375.120052494,26.899999999999995,9.799999999999997,14.1,1.8,0.2,1.2000000000000002,4.6,5.699999999999998
268,Lao People's Democratic Republic,2010,63.6,12753375.120052494,24.699999999999996,4.699999999999999,18.60000000000001,1.7000000000000002,0.1,1.0,4.699999999999999,5.899999999999999
269,Lao People's Democratic Republic,2000,58.1,12753375.120052494,20.4,4.499999999999998,35.50000000000001,1.7000000000000002,0.2,0.8,4.800000000000001,5.8999999999999995
270,Latvia,2015,74.6,1977527.0,39.4,3.5,0.7999999999999999,1.1,0.7999999999999999,1.2,0.7999999999999999,2.0
271,Latvia,2010,72.8,297555.0,40.2,2.5000000000000004,0.6,1.3,0.6,0.7000000000000001,0.9,2.6
272,Latvia,2000,71.0,236755.0,45.0,2.4000000000000004,0.7999999999999999,2.3,1.1,0.4,1.0,4.799999999999999
273,Lebanon,2015,74.9,5851479.0,32.50000000000001,5.500000000000001,1.5,1.4,0.6000000000000001,2.3000000000000003,2.3000000000000003,3.2000000000000006
274,Lebanon,2010,74.9,4337141.0,24.6,1.6,1.0999999999999999,0.6000000000000001,0.4,1.7000000000000002,1.7,2.6000000000000005
275,Lebanon,2000,72.7,3235366.0,15.600000000000001,1.2,1.2,0.6000000000000001,0.30000000000000004,1.0,1.2,2.4000000000000004
276,Lesotho,2015,53.7,2174645.0,17.6,8.399999999999999,19.900000000000002,5.6,0.2,0.9000000000000001,4.199999999999999,4.300000000000001
277,Lesotho,2010,51.1,24551.0,14.400000000000002,3.400000000000001,25.200000000000006,4.2,0.2,0.7000000000000001,3.7000000000000006,3.6000000000000005
278,Lesotho,2000,49.3,1868699.0,9.099999999999998,2.5000000000000004,31.80000000000001,3.0,0.1,0.4,2.7,2.6
279,Liberia,2015,61.4,4499621.0,8.7,5.200000000000001,37.70000000000001,1.4,0.1,0.8,1.0,4.999999999999998
280,Liberia,2010,59.7,3948125.0,8.8,3.2000000000000006,32.6,1.2999999999999998,0.0,0.7,1.0,4.4
281,Liberia,2000,51.9,2884522.0,6.8999999999999995,2.7000000000000006,45.600000000000016,1.3,0.0,0.4,0.8,3.6
282,Libya,2015,72.7,12753375.120052494,20.800000000000004,5.6000000000000005,2.0,4.5,1.0,1.7000000000000002,1.6,8.799999999999999
283,Libya,2010,72.8,12753375.120052494,18.4,1.9,1.3000000000000003,1.0999999999999999,1.1,1.6,1.4,4.799999999999999
284,Libya,2000,78.0,12753375.120052494,15.700000000000001,1.8,1.5000000000000002,1.1,0.7,1.2000000000000002,1.4000000000000001,4.000000000000001
285,Lithuania,2015,73.6,29491.0,53.00000000000001,6.299999999999998,1.5,2.4000000000000004,0.8999999999999999,1.3000000000000003,1.6,3.4000000000000004
286,Lithuania,2010,72.4,397282.0,51.800000000000004,5.6,0.8999999999999999,2.8,1.1,1.2,1.8000000000000003,4.7
287,Lithuania,2000,71.6,3499536.0,46.4,3.0000000000000004,1.1,4.300000000000001,1.1,0.6,2.4000000000000004,5.300000000000001
288,Luxembourg,2015,82.0,56964.0,2.5,0.7,0.2,0.2,0.0,0.7000000000000001,0.6,0.4
289,Luxembourg,2010,86.0,56953.0,2.7,0.4,0.2,0.2,0.0,0.30000000000000004,0.6,0.30000000000000004
290,Luxembourg,2000,77.8,4363.0,3.3000000000000003,0.4,0.0,0.2,0.0,0.30000000000000004,0.6,0.4
291,Madagascar,2015,65.5,2423488.0,87.9,25.400000000000002,87.89999999999999,6.5,0.4,3.2,12.9,27.1
292,Madagascar,2010,63.3,2115164.0,78.0,17.000000000000004,81.79999999999998,5.8,0.30000000000000004,2.9000000000000004,12.000000000000002,24.300000000000008
293,Madagascar,2000,57.9,1576686.0,58.20000000000001,12.7,100.89999999999998,5.0,0.2,2.1,10.400000000000002,19.900000000000002
294,Malawi,2015,58.3,1757367.0,34.099999999999994,19.4,82.19999999999997,2.9,0.30000000000000004,2.5,4.3999999999999995,18.4
295,Malawi,2010,52.9,1516795.0,36.699999999999996,16.5,131.89999999999998,3.4,0.30000000000000004,2.4,4.8,16.500000000000004
296,Malawi,2000,43.1,11376172.0,38.39999999999999,17.7,247.19999999999993,4.0,0.30000000000000004,2.3000000000000003,5.3,15.0
297,Malaysia,2015,75.0,3723155.0,119.0,42.300000000000004,16.7,4.7,1.2000000000000002,8.6,12.200000000000001,23.4
298,Malaysia,2010,74.1,28112289.0,104.3,19.700000000000003,15.199999999999998,4.2,0.8999999999999999,6.4,11.6,22.9
299,Malaysia,2000,72.4,2318568.0,83.5,15.199999999999998,14.399999999999997,3.6000000000000005,1.0,4.3,13.399999999999999,19.8
300,Maldives,2015,78.5,49163.0,1.1,0.2,0.0,0.0,0.0,0.1,0.2,0.1
301,Maldives,2010,76.7,367.0,0.9999999999999999,0.0,0.0,0.0,0.0,0.0,0.2,0.1
302,Maldives,2000,69.6,286.0,0.8,0.0,0.1,0.0,0.0,0.0,0.2,0.1
303,Mali,2015,58.2,1746795.0,35.4,19.8,123.8,6.0,0.5,3.0000000000000004,7.2,20.6
304,Mali,2010,56.5,157585.0,32.7,12.6,136.79999999999995,5.199999999999999,0.5,2.7,6.8,18.5
305,Mali,2000,49.8,196769.0,29.0,11.799999999999999,157.8,8.2,0.30000000000000004,2.2,6.0,14.2
306,Malta,2015,81.7,431874.0,2.8000000000000003,0.30000000000000004,0.0,0.0,0.0,0.4,0.4,0.1
307,Malta,2010,83.0,41458.0,2.9000000000000004,0.1,0.0,0.0,0.0,0.30000000000000004,0.4,0.1
308,Malta,2000,77.5,3987.0,3.1,0.1,0.0,0.0,0.0,0.1,0.30000000000000004,0.1
309,Mauritania,2015,63.1,4182341.0,7.200000000000001,3.7,14.500000000000002,1.2,0.2,0.8,0.8,3.7
310,Mauritania,2010,62.0,369543.0,6.4,2.0,18.300000000000004,1.0,0.0,0.6,0.8,3.2
311,Mauritania,2000,60.0,279359.0,5.499999999999999,2.0,16.599999999999998,1.0,0.0,0.30000000000000004,0.6,2.6000000000000005
312,Mauritius,2015,74.6,126265.0,7.6,2.8000000000000003,0.4,0.2,0.2,0.2,1.6000000000000003,0.8
313,Mauritius,2010,73.3,1254.0,6.699999999999999,0.9,0.5,0.4,0.2,0.2,1.2,0.7000000000000001
314,Mauritius,2000,71.0,1186873.0,5.7,1.0,0.2,0.30000000000000004,0.0,0.1,1.4000000000000001,0.5
315,Mexico,2015,76.7,12589949.0,363.20000000000005,285.3,36.4,55.5,11.3,23.4,74.0,75.9
316,Mexico,2010,75.6,117318941.0,310.20000000000005,134.8,39.0,62.9,9.5,21.0,70.5,82.60000000000001
317,Mexico,2000,74.8,11719673.0,221.29999999999995,110.19999999999999,45.000000000000014,29.799999999999997,11.4,13.599999999999998,52.7,79.69999999999999
318,Micronesia (Federated States of),2015,69.4,12753375.120052494,0.7,0.1,0.0,0.0,0.0,0.0,0.1,0.0
319,Micronesia (Federated States of),2010,68.7,12753375.120052494,0.6,0.0,0.1,0.0,0.0,0.0,0.1,0.0
320,Micronesia (Federated States of),2000,67.0,12753375.120052494,0.6,0.0,0.1,0.0,0.0,0.0,0.1,0.1
321,Mongolia,2015,68.8,2976877.0,21.299999999999997,6.699999999999998,1.0999999999999999,1.5999999999999999,1.2,0.6,0.7999999999999999,3.4000000000000004
322,Mongolia,2010,66.3,271265.0,21.299999999999997,5.299999999999999,1.2,1.8,1.2,0.5,0.7999999999999999,3.400000000000001
323,Mongolia,2000,62.8,2397436.0,20.199999999999996,4.599999999999999,2.7000000000000006,1.7999999999999998,0.2,0.5,1.3,3.1000000000000005
324,Montenegro,2015,76.1,622159.0,11.500000000000002,0.7,0.0,0.30000000000000004,0.0,0.6,0.2,0.4
325,Montenegro,2010,75.3,619428.0,10.1,0.30000000000000004,0.0,0.2,0.0,0.5,0.2,0.4
326,Montenegro,2000,73.0,6495.0,8.1,0.1,0.0,0.30000000000000004,0.0,0.30000000000000004,0.2,0.4
327,Morocco,2015,74.3,3483322.0,252.2,45.5,15.399999999999999,6.2,1.1,12.0,18.0,28.900000000000002
328,Morocco,2010,72.8,3249639.0,213.89999999999998,16.4,16.8,7.1,1.1,9.8,15.6,30.7
329,Morocco,2000,68.6,28849621.0,160.39999999999998,13.699999999999998,24.6,6.8999999999999995,1.1,6.3,12.0,30.2
330,Mozambique,2015,57.6,281691.0,106.0,37.0,240.29999999999993,9.799999999999999,1.2000000000000002,5.9,10.4,38.20000000000001
331,Mozambique,2010,54.0,2422145.0,99.1,23.400000000000006,259.59999999999997,9.0,0.7999999999999999,5.6,10.399999999999999,34.3
332,Mozambique,2000,49.0,1867687.0,71.8,18.3,289.8,6.8,0.7,4.199999999999999,9.2,29.799999999999997
333,Myanmar,2015,66.6,5243669.0,283.6,88.69999999999999,121.89999999999999,9.400000000000002,1.7,12.9,71.8,48.400000000000006
334,Myanmar,2010,65.4,5155896.0,265.69999999999993,56.6,184.3,8.599999999999998,1.5,11.399999999999999,69.6,47.8
335,Myanmar,2000,62.1,4695462.0,242.1,50.29999999999999,271.50000000000006,10.1,1.4000000000000001,8.6,70.0,55.0
336,Namibia,2015,65.8,2425561.0,8.399999999999999,3.1000000000000005,11.099999999999998,1.4,0.1,0.6,1.6,2.7
337,Namibia,2010,63.0,217317.0,8.2,2.0000000000000004,13.4,1.4,0.1,0.5,1.6,2.3000000000000007
338,Namibia,2000,57.4,1899257.0,6.7,1.7000000000000004,19.200000000000006,1.7000000000000002,0.1,0.4,1.4000000000000001,2.1000000000000005
339,Nepal,2015,69.2,28656282.0,80.5,35.699999999999996,58.70000000000002,6.1000000000000005,0.5,6.499999999999999,63.300000000000004,38.0
340,Nepal,2010,68.0,2723137.0,67.8,20.799999999999997,74.0,6.5,0.4,5.3999999999999995,53.5,22.800000000000004
341,Nepal,2000,62.5,2374911.0,41.4,16.5,128.10000000000002,6.6,0.4,3.5000000000000004,32.2,21.3
342,Netherlands,2015,81.9,16939923.0,86.60000000000001,20.4,7.299999999999999,4.199999999999999,2.1,37.4,22.6,10.1
343,Netherlands,2010,88.0,16615394.0,85.5,11.7,4.7,3.6000000000000005,1.2,24.5,20.1,7.799999999999999
344,Netherlands,2000,78.1,15925513.0,111.8,12.0,3.5,3.4000000000000004,1.1,15.8,20.800000000000004,6.799999999999999
345,New Zealand,2015,81.6,12753375.120052494,23.3,3.7000000000000006,0.6000000000000001,1.2000000000000002,0.30000000000000004,6.5,4.4,2.5000000000000004
346,New Zealand,2010,89.0,12753375.120052494,22.7,1.7000000000000002,0.5,1.3,0.2,3.9000000000000004,4.0,2.5000000000000004
347,New Zealand,2000,78.6,12753375.120052494,24.4,1.4,0.30000000000000004,1.1,0.1,2.7000000000000006,3.6,2.2
348,Nicaragua,2015,74.8,68235.0,19.500000000000004,14.699999999999998,1.7,1.7999999999999998,0.6,0.6,3.6,3.3000000000000003
349,Nicaragua,2010,73.2,5737723.0,16.500000000000004,4.5,1.9,2.3000000000000003,0.5,0.7999999999999999,3.4,3.4000000000000004
350,Nicaragua,2000,73.0,526796.0,12.299999999999999,2.5000000000000004,3.1000000000000005,1.7999999999999998,0.4,0.4,1.8,2.8
351,Niger,2015,61.8,19896965.0,44.8,26.6,145.09999999999997,7.6,0.5,3.4000000000000004,7.9,27.0
352,Niger,2010,58.2,16425578.0,36.800000000000004,15.999999999999998,158.99999999999994,5.4,0.4,2.8000000000000003,6.8,23.799999999999997
353,Niger,2000,50.0,11352973.0,26.100000000000005,11.699999999999998,206.79999999999995,4.5,0.30000000000000004,1.9000000000000004,4.8,19.0
354,Nigeria,2015,54.5,181181744.0,329.30000000000007,222.39999999999995,1406.0000000000002,79.6,16.9,29.1,43.2,176.99999999999997
355,Nigeria,2010,52.0,158578261.0,311.50000000000006,165.3,1476.6999999999996,52.400000000000006,12.699999999999998,25.6,43.4,170.10000000000002
356,Nigeria,2000,47.1,1223529.0,326.50000000000006,129.39999999999998,1994.3999999999999,52.0,8.8,18.1,38.5,137.70000000000002
357,Norway,2015,81.8,518867.0,26.699999999999996,5.3,1.9000000000000001,1.2999999999999998,1.2000000000000002,9.0,6.2,2.9000000000000004
358,Norway,2010,81.0,4889252.0,30.4,2.8000000000000003,1.9,1.2,1.4000000000000001,7.1,5.9,3.2
359,Norway,2000,78.5,449967.0,42.2,3.1000000000000005,1.2,1.4,1.4000000000000001,3.5999999999999996,5.4,3.6
360,Oman,2015,76.6,12753375.120052494,16.0,2.2,0.7,0.4,0.0,0.7999999999999999,0.7,3.0000000000000004
361,Oman,2010,75.6,12753375.120052494,13.5,0.9999999999999999,0.7999999999999999,0.4,0.0,0.6,0.6,3.000000000000001
362,Oman,2000,72.6,12753375.120052494,10.399999999999999,0.7,0.9999999999999999,0.30000000000000004,0.0,0.30000000000000004,0.4,2.2
363,Pakistan,2015,66.4,18938513.0,969.0999999999999,376.40000000000003,499.7000000000001,72.6,6.7,50.2,222.60000000000002,161.7
364,Pakistan,2010,65.1,1756182.0,874.5999999999999,185.7,541.0000000000002,85.2,5.799999999999999,42.9,213.8,153.2
365,Pakistan,2000,62.8,138523285.0,703.1000000000001,154.59999999999997,678.6000000000003,45.9,4.500000000000001,31.3,190.4,126.8
366,Panama,2015,77.8,3969249.0,11.700000000000001,4.7,2.5000000000000004,1.6,0.1,1.2999999999999998,2.2,1.8000000000000003
367,Panama,2010,76.5,3643222.0,10.399999999999999,1.7000000000000004,2.6,2.2,0.0,0.8,2.3000000000000003,2.0
368,Panama,2000,75.7,33347.0,7.699999999999999,1.0999999999999999,1.6000000000000003,1.1,0.1,0.4,1.3000000000000003,1.9
369,Papua New Guinea,2015,62.9,7919825.0,31.199999999999996,4.8999999999999995,25.000000000000004,2.2,0.2,1.2,12.500000000000002,6.3
370,Papua New Guinea,2010,61.8,718239.0,26.4,2.5000000000000004,30.6,2.0,0.2,1.1,11.3,5.9
371,Papua New Guinea,2000,58.9,5572222.0,15.799999999999999,1.4000000000000004,31.200000000000006,1.2999999999999998,0.0,0.8,7.800000000000001,4.699999999999999
372,Paraguay,2015,74.0,6639119.0,18.300000000000004,8.4,3.7000000000000006,2.2,0.8,1.0,3.2,5.299999999999999
373,Paraguay,2010,73.2,629877.0,18.8,3.000000000000001,4.1000000000000005,2.1,0.2,0.7999999999999999,2.4,5.099999999999999
374,Paraguay,2000,79.0,5327.0,13.100000000000003,1.9000000000000004,4.1000000000000005,2.9,0.2,0.4,1.7000000000000002,2.7
375,Peru,2015,75.5,31376671.0,48.7,44.900000000000006,12.6,6.9,1.9000000000000001,11.899999999999999,11.399999999999999,19.199999999999996
376,Peru,2010,73.7,29373646.0,46.099999999999994,23.400000000000002,15.1,6.199999999999999,2.1,9.3,10.4,20.5
377,Peru,2000,71.4,25914879.0,37.0,19.500000000000004,29.9,5.6,1.9000000000000001,5.9,6.0,20.7
378,Philippines,2015,68.5,11716359.0,473.59999999999997,153.0,113.09999999999998,38.1,2.8000000000000003,9.8,82.39999999999999,49.6
379,Philippines,2010,67.9,93726624.0,402.7999999999999,48.300000000000004,121.49999999999999,38.800000000000004,2.3000000000000003,7.1,67.0,43.70000000000001
380,Philippines,2000,66.8,77991569.0,247.3,38.699999999999996,140.00000000000003,38.4,2.6,5.300000000000001,45.4,36.800000000000004
381,Poland,2015,77.5,37986412.0,402.5,51.00000000000001,5.1000000000000005,12.8,7.6,11.700000000000001,38.0,25.000000000000004
382,Poland,2010,76.3,3842794.0,392.6,42.00000000000001,6.799999999999999,15.0,6.8999999999999995,10.8,34.1,30.1
383,Poland,2000,73.7,38258629.0,410.7,38.0,5.8,14.8,6.5,7.4,31.0,34.699999999999996
384,Portugal,2015,81.1,135876.0,79.89999999999999,22.500000000000004,4.500000000000001,3.0,0.7,14.5,16.5,6.799999999999999
385,Portugal,2010,79.6,15731.0,88.8,11.8,6.199999999999999,3.2,0.7999999999999999,6.799999999999999,16.5,5.799999999999999
386,Portugal,2000,76.6,1289898.0,116.89999999999999,11.700000000000001,6.1,1.8000000000000003,0.5,4.0,16.299999999999997,7.499999999999999
387,Qatar,2015,78.2,12753375.120052494,2.5000000000000004,0.8999999999999999,0.0,0.4,0.0,0.2,0.2,1.3000000000000003
388,Qatar,2010,77.3,12753375.120052494,2.1,0.4,0.0,0.4,0.0,0.1,0.1,1.3000000000000003
389,Qatar,2000,76.2,12753375.120052494,1.6,0.2,0.0,0.1,0.0,0.0,0.0,0.5
390,Republic of Korea,2015,82.3,12753375.120052494,156.70000000000002,62.5,17.599999999999998,29.6,2.4000000000000004,34.4,33.599999999999994,27.300000000000004
391,Republic of Korea,2010,87.0,12753375.120052494,156.59999999999997,31.8,16.799999999999997,35.2,2.4000000000000004,23.599999999999998,29.0,29.8
392,Republic of Korea,2000,76.0,12753375.120052494,182.0,43.6,16.0,15.500000000000002,4.199999999999999,19.5,31.6,42.1
393,Republic of Moldova,2015,72.1,12753375.120052494,58.6,13.100000000000001,1.4000000000000001,1.8,0.9,0.8,2.0,4.2
394,Republic of Moldova,2010,68.8,12753375.120052494,63.300000000000004,13.8,2.0,2.4,1.1,1.1,3.6000000000000005,5.5
395,Republic of Moldova,2000,67.1,12753375.120052494,64.7,12.500000000000002,1.8,2.6,0.7,0.6,4.1,5.1
396,Romania,2015,75.0,19815481.0,357.79999999999995,50.7,6.3999999999999995,5.2,1.9000000000000001,7.199999999999998,19.099999999999998,13.900000000000002
397,Romania,2010,73.4,2246871.0,372.20000000000005,44.400000000000006,5.499999999999998,6.4,2.5000000000000004,4.8999999999999995,17.8,16.700000000000003
398,Romania,2000,77.0,22442971.0,368.0,38.300000000000004,6.899999999999999,7.3999999999999995,3.2,2.6999999999999997,19.2,20.700000000000003
399,Russian Federation,2015,75.0,1449687.0,2430.7000000000003,309.50000000000006,68.89999999999999,127.19999999999999,85.29999999999998,114.0,81.60000000000001,184.29999999999995
400,Russian Federation,2010,68.4,142849449.0,2725.5,246.89999999999998,75.89999999999999,149.7,98.39999999999999,96.9,81.6,236.09999999999997
401,Russian Federation,2000,65.0,146596557.0,3011.3999999999996,175.7,90.69999999999997,252.99999999999997,139.60000000000002,80.0,119.8,313.1000000000001
402,Rwanda,2015,66.1,11629553.0,23.900000000000002,13.6,29.200000000000003,2.4,0.2,1.7,4.3999999999999995,11.6
403,Rwanda,2010,62.8,1246842.0,23.000000000000004,9.899999999999999,38.000000000000014,2.8,0.2,1.7,4.3999999999999995,12.200000000000001
404,Rwanda,2000,48.3,82573.0,36.8,16.5,102.8,3.9000000000000004,0.4,2.0,7.8,15.4
405,Saint Lucia,2015,75.2,12753375.120052494,0.9999999999999999,0.30000000000000004,0.0,0.0,0.0,0.1,0.1,0.1
406,Saint Lucia,2010,74.2,12753375.120052494,0.7999999999999999,0.0,0.0,0.1,0.0,0.1,0.1,0.1
407,Saint Lucia,2000,71.6,12753375.120052494,0.7999999999999999,0.0,0.0,0.0,0.0,0.0,0.0,0.1
408,Saint Vincent and the Grenadines,2015,73.2,12753375.120052494,0.6,0.0,0.1,0.0,0.0,0.0,0.0,0.0
409,Saint Vincent and the Grenadines,2010,72.5,12753375.120052494,0.6,0.0,0.1,0.0,0.0,0.0,0.0,0.0
410,Saint Vincent and the Grenadines,2000,79.0,12753375.120052494,0.5,0.0,0.1,0.0,0.0,0.0,0.0,0.0
411,Samoa,2015,74.0,193759.0,0.8,0.1,0.0,0.0,0.0,0.0,0.2,0.1
412,Samoa,2010,72.6,18625.0,0.8,0.0,0.0,0.0,0.0,0.0,0.2,0.1
413,Samoa,2000,72.0,17461.0,0.8,0.0,0.0,0.0,0.0,0.0,0.2,0.1
414,Sao Tome and Principe,2015,67.5,195553.0,0.5,0.0,0.2,0.0,0.0,0.0,0.1,0.2
415,Sao Tome and Principe,2010,66.2,174776.0,0.5,0.1,0.2,0.0,0.0,0.0,0.1,0.1
416,Sao Tome and Principe,2000,62.6,13866.0,0.4,0.1,0.8,0.0,0.0,0.0,0.1,0.1
417,Saudi Arabia,2015,74.5,12753375.120052494,128.6,42.0,4.699999999999999,6.1,1.4000000000000001,7.400000000000001,9.4,48.2
418,Saudi Arabia,2010,73.7,12753375.120052494,112.29999999999998,13.799999999999999,4.899999999999999,4.0,1.1,6.5,8.4,37.900000000000006
419,Saudi Arabia,2000,72.6,12753375.120052494,75.4,12.399999999999999,6.500000000000001,2.2,0.6,4.4,7.0,24.700000000000003
420,Senegal,2015,66.7,14976994.0,31.399999999999995,16.499999999999996,44.60000000000001,4.2,0.5,2.6999999999999997,4.800000000000001,14.9
421,Senegal,2010,64.3,12916229.0,28.699999999999996,9.1,49.60000000000002,3.9,0.5,2.5,4.500000000000001,13.900000000000002
422,Senegal,2000,57.5,988452.0,25.499999999999993,9.4,84.09999999999997,3.8000000000000003,0.4,1.9000000000000001,3.9,12.4
423,Serbia,2015,75.6,795383.0,141.10000000000002,19.700000000000003,1.6,3.2,0.9999999999999999,7.3999999999999995,11.9,4.0
424,Serbia,2010,74.4,7291436.0,143.1,9.4,1.2,3.4000000000000004,1.2000000000000002,5.0,9.3,4.4
425,Serbia,2000,72.6,7516346.0,159.29999999999998,8.4,1.7000000000000002,6.0,0.7999999999999999,2.2,10.6,4.6000000000000005
426,Seychelles,2015,73.2,93419.0,0.4,0.0,0.0,0.0,0.0,0.0,0.0,0.0
427,Seychelles,2010,72.4,8977.0,0.4,0.0,0.0,0.0,0.0,0.0,0.0,0.0
428,Seychelles,2000,71.8,81131.0,0.30000000000000004,0.0,0.0,0.0,0.0,0.0,0.0,0.0
429,Sierra Leone,2015,51.0,723725.0,20.199999999999996,8.599999999999998,71.0,2.0,0.5,1.4000000000000001,2.8,9.299999999999999
430,Sierra Leone,2010,48.1,645872.0,20.499999999999996,5.699999999999998,81.4,2.0,0.4,1.3,2.8,8.3
431,Sierra Leone,2000,39.0,4564297.0,14.2,4.699999999999999,95.89999999999999,3.8999999999999995,0.30000000000000004,0.8,2.1,6.499999999999999
432,Singapore,2015,83.1,12753375.120052494,15.4,4.3,0.4,1.0,0.0,0.4,1.2,0.8
433,Singapore,2010,82.0,12753375.120052494,14.700000000000001,1.0999999999999999,0.6000000000000001,1.0,0.0,0.1,1.6,1.0
434,Singapore,2000,78.3,12753375.120052494,14.4,0.7,0.5,1.2000000000000002,0.0,0.1,1.6,0.9
435,Slovakia,2015,76.7,12753375.120052494,48.699999999999996,10.8,0.5,1.5,0.5,5.0,2.6000000000000005,4.699999999999999
436,Slovakia,2010,75.1,12753375.120052494,62.599999999999994,7.2,0.7,1.6,0.4,1.2999999999999998,3.1,4.0
437,Slovakia,2000,73.0,12753375.120052494,61.50000000000001,6.3999999999999995,0.4,1.8000000000000003,0.4,0.8999999999999999,2.4,4.300000000000001
438,Slovenia,2015,88.0,263531.0,17.9,3.100000000000001,0.30000000000000004,0.9,0.6,0.8,1.4,1.7
439,Slovenia,2010,79.5,248583.0,16.599999999999998,2.9000000000000004,0.2,0.8,0.4,0.6,1.3,1.9000000000000001
440,Slovenia,2000,76.0,1988925.0,17.499999999999996,3.2000000000000006,0.2,1.2999999999999998,0.30000000000000004,0.4,1.6,1.7000000000000002
441,Solomon Islands,2015,69.2,587482.0,3.8000000000000007,0.4,1.0,0.2,0.0,0.1,0.6,0.6
442,Solomon Islands,2010,68.3,52779.0,3.3,0.2,0.9999999999999999,0.2,0.0,0.0,0.5,0.6
443,Solomon Islands,2000,65.8,41269.0,1.8000000000000003,0.1,1.7999999999999998,0.2,0.0,0.0,0.2,0.30000000000000004
444,Somalia,2015,55.0,12753375.120052494,44.49999999999999,21.599999999999998,144.80000000000004,6.6,0.30000000000000004,2.3000000000000003,8.2,21.4
445,Somalia,2010,52.4,12753375.120052494,39.3,14.299999999999999,113.8,8.6,0.30000000000000004,2.0,7.9,21.1
446,Somalia,2000,55.0,12753375.120052494,30.400000000000006,11.499999999999998,130.89999999999998,2.8000000000000003,0.2,1.4000000000000001,6.199999999999999,15.9
447,South Africa,2015,62.9,5511976.68,221.9,99.6,280.20000000000005,69.8,4.3,16.2,42.10000000000001,61.70000000000001
448,South Africa,2010,58.0,5979432.36,215.5,51.6,480.70000000000016,63.5,3.8000000000000003,14.5,44.50000000000001,63.5
449,South Africa,2000,57.3,44896856.0,184.1,38.20000000000001,404.3,68.69999999999999,5.7,10.4,42.99999999999999,68.2
450,South Sudan,2015,57.3,11882136.0,18.4,10.299999999999999,76.19999999999999,9.1,0.1,1.3000000000000003,2.8000000000000003,12.299999999999999
451,South Sudan,2010,55.0,167192.0,16.4,6.299999999999999,80.19999999999999,4.999999999999999,0.1,1.2000000000000002,2.6,9.499999999999998
452,South Sudan,2000,48.9,67656.0,11.7,4.6,90.89999999999999,6.3,0.0,0.8,2.2,6.500000000000002
453,Spain,2015,82.8,46447697.0,278.9,86.3,17.2,8.0,3.9,96.1,90.80000000000001,21.299999999999997
454,Spain,2010,81.9,46576897.0,271.9,45.10000000000001,15.1,7.4,3.6,69.0,73.8,20.599999999999998
455,Spain,2000,79.1,4567864.0,289.5,43.60000000000001,14.6,8.299999999999999,3.6,43.599999999999994,76.7,24.400000000000002
456,Sri Lanka,2015,74.9,2966.0,76.10000000000001,32.7,12.499999999999996,7.6,0.8,30.700000000000003,32.6,13.6
457,Sri Lanka,2010,74.5,2119.0,80.6,10.299999999999999,11.3,27.800000000000004,1.2000000000000002,26.299999999999997,31.2,15.3
458,Sri Lanka,2000,71.5,18655.0,80.3,16.799999999999997,13.1,19.3,2.0,28.300000000000004,18.999999999999996,15.0
459,Sudan,2015,64.1,3864783.0,156.10000000000002,31.400000000000006,81.10000000000001,12.8,2.6,7.7,14.2,40.89999999999999
460,Sudan,2010,62.5,34385963.0,135.2,15.599999999999996,96.09999999999998,10.6,2.0,6.4,13.2,37.00000000000001
461,Sudan,2000,58.6,2725535.0,112.99999999999997,12.9,139.09999999999994,13.5,1.4000000000000001,4.8999999999999995,12.2,33.1
462,Suriname,2015,71.6,55328.0,2.8000000000000003,1.0,0.30000000000000004,0.30000000000000004,0.0,0.2,0.2,0.4
463,Suriname,2010,73.0,52613.0,2.4,0.30000000000000004,0.5,0.30000000000000004,0.0,0.2,0.2,0.4
464,Suriname,2000,67.4,47239.0,2.1999999999999997,0.30000000000000004,0.5,0.4,0.0,0.1,0.2,0.30000000000000004
465,Swaziland,2015,58.9,131911.0,4.999999999999999,2.6,8.2,1.2,0.0,0.4,1.0,1.7000000000000002
466,Swaziland,2010,53.6,122843.0,6.1,1.8000000000000005,12.6,1.6,0.0,0.4,1.0999999999999999,2.0000000000000004
467,Swaziland,2000,48.4,161468.0,3.8000000000000007,1.3000000000000003,14.6,1.0,0.0,0.1,0.8,1.6000000000000003
468,Sweden,2015,82.4,9799186.0,71.69999999999999,11.600000000000001,5.0,3.3000000000000003,2.1,21.6,10.399999999999999,6.199999999999999
469,Sweden,2010,81.5,9378126.0,81.50000000000001,6.4,4.2,3.0,1.8000000000000003,17.3,9.6,5.799999999999999
470,Sweden,2000,79.6,887219.0,97.39999999999999,6.499999999999998,2.2,2.8000000000000003,1.7000000000000002,11.0,9.299999999999997,5.3999999999999995
471,Switzerland,2015,83.4,8282396.0,47.900000000000006,10.500000000000002,1.7000000000000002,2.6,1.3,17.999999999999996,7.3999999999999995,5.2
472,Switzerland,2010,82.3,782499.0,47.49999999999999,5.9,1.4,2.4,1.3,14.099999999999998,6.6,4.6
473,Switzerland,2000,79.7,718425.0,53.699999999999996,5.499999999999999,1.3,3.0,1.5,8.2,7.1,4.5
474,Syrian Arab Republic,2015,64.5,18734987.0,74.40000000000002,13.399999999999997,6.3999999999999995,148.2,0.7,3.4,5.3,12.999999999999998
475,Syrian Arab Republic,2010,73.7,2118834.0,74.6,5.6999999999999975,4.499999999999999,1.7999999999999998,0.5,3.6,5.0,12.199999999999998
476,Syrian Arab Republic,2000,72.6,1641848.0,69.6,4.599999999999999,5.099999999999999,1.2999999999999998,0.30000000000000004,2.3000000000000003,4.5,10.099999999999998
477,Tajikistan,2015,69.7,8548651.0,51.1,8.5,5.8999999999999995,1.0,0.2,2.4,3.3999999999999995,6.199999999999999
478,Tajikistan,2010,67.3,764163.0,48.7,5.9,5.6,1.2,0.4,2.2,3.4999999999999996,6.199999999999998
479,Tajikistan,2000,63.7,621625.0,30.900000000000002,4.7,11.599999999999998,1.2000000000000002,0.4,1.6,2.8,6.2
480,Thailand,2015,74.9,686576.0,235.7,152.29999999999998,77.90000000000002,18.6,3.1,45.6,42.2,73.8
481,Thailand,2010,73.9,672888.0,209.9,59.60000000000001,82.99999999999997,22.800000000000004,2.8000000000000003,34.6,43.5,79.7
482,Thailand,2000,71.1,6295821.0,203.69999999999996,48.70000000000001,157.49999999999997,27.200000000000003,3.2,22.3,48.2,78.2
483,North Macedonia,2015,75.7,12753375.120052494,34.800000000000004,2.6,0.1,0.4,0.0,0.5,2.1,1.0
484,North Macedonia,2010,74.7,12753375.120052494,33.1,1.2000000000000002,0.1,0.4,0.0,0.30000000000000004,2.0,1.0
485,North Macedonia,2000,72.6,12753375.120052494,29.700000000000003,1.0999999999999999,0.30000000000000004,0.6,0.0,0.30000000000000004,1.6000000000000003,1.2
486,Timor-Leste,2015,68.3,124977.0,4.0,1.0999999999999999,3.4,0.1,0.0,0.2,0.6,0.9
487,Timor-Leste,2010,66.9,119591.0,3.6000000000000005,0.6,2.900000000000001,0.1,0.0,0.2,0.6,0.9
488,Timor-Leste,2000,58.7,87167.0,2.2,0.5,4.699999999999999,0.2,0.0,0.1,0.6,0.7
489,Togo,2015,59.9,741682.0,21.5,10.6,39.40000000000002,2.8,0.5,1.4000000000000001,3.0,8.4
490,Togo,2010,57.4,652952.0,19.499999999999996,6.8999999999999995,43.900000000000006,2.6,0.5,1.2000000000000002,2.8,7.900000000000001
491,Togo,2000,54.6,497367.0,15.1,5.699999999999998,51.00000000000002,2.0,0.2,0.8999999999999999,2.2,6.2
492,Tonga,2015,73.5,16364.0,0.4,0.0,0.0,0.0,0.0,0.0,0.0,0.0
493,Tonga,2010,72.8,14137.0,0.4,0.0,0.0,0.0,0.0,0.0,0.0,0.0
494,Tonga,2000,71.6,9882.0,0.2,0.0,0.0,0.0,0.0,0.0,0.0,0.0
495,Trinidad and Tobago,2015,71.2,13692.0,6.3999999999999995,2.3,0.5,1.2999999999999998,0.0,0.6,0.30000000000000004,0.7000000000000001
496,Trinidad and Tobago,2010,74.0,13281.0,6.900000000000001,0.7999999999999999,0.7,1.5,0.0,0.7000000000000001,0.30000000000000004,0.9
497,Trinidad and Tobago,2000,69.1,1267984.0,7.6,0.6,1.0,0.8,0.0,0.5,0.4,0.9
498,Tunisia,2015,75.3,11273661.0,70.2,11.899999999999997,1.9000000000000004,1.9000000000000001,0.6000000000000001,5.4,4.8,8.9
499,Tunisia,2010,74.8,1639931.0,65.4,4.699999999999999,1.8000000000000005,1.4000000000000001,0.5,4.6,4.6,8.8
500,Tunisia,2000,72.9,9699197.0,52.3,3.9000000000000004,2.500000000000001,1.2,0.30000000000000004,2.9000000000000004,3.8000000000000003,8.6
501,Turkey,2015,75.8,78271472.0,318.59999999999997,72.99999999999999,6.7,14.2,2.8000000000000003,38.800000000000004,53.2,30.7
502,Turkey,2010,74.2,72326914.0,272.8,24.5,8.299999999999999,11.2,1.7999999999999998,31.200000000000003,45.5,23.600000000000005
503,Turkey,2000,74.0,6324121.0,213.2,21.2,25.300000000000004,11.700000000000001,1.1,23.2,29.6,27.499999999999996
504,Turkmenistan,2015,66.3,5565284.0,35.99999999999999,8.899999999999999,8.6,1.2,0.4,1.4000000000000001,0.7,3.6000000000000005
505,Turkmenistan,2010,65.8,58721.0,36.699999999999996,6.1,5.899999999999999,1.4000000000000001,0.4,1.3000000000000003,0.7999999999999999,3.7000000000000006
506,Turkmenistan,2000,63.8,4516131.0,34.39999999999999,4.999999999999999,5.3999999999999995,1.8,0.5,1.0999999999999999,1.3,4.0
507,Uganda,2015,62.3,414487.0,55.699999999999996,30.199999999999996,172.39999999999998,14.200000000000001,1.0,3.9,9.4,38.5
508,Uganda,2010,58.4,33915133.0,55.49999999999999,21.299999999999997,244.89999999999998,12.400000000000002,0.9,3.8,9.600000000000001,37.599999999999994
509,Uganda,2000,46.6,2439274.0,61.5,23.799999999999997,436.2000000000001,11.200000000000001,0.6,3.3000000000000003,11.3,31.300000000000004
510,Ukraine,2015,71.3,4515429.0,890.1999999999999,73.5,29.2,29.800000000000004,13.5,37.3,19.9,36.9
511,Ukraine,2010,69.8,45877.0,1000.4,74.6,38.800000000000004,27.800000000000004,20.8,37.699999999999996,27.3,46.7
512,Ukraine,2000,67.5,49175848.0,997.8,61.7,26.300000000000008,48.60000000000001,31.300000000000004,30.4,56.599999999999994,78.90000000000002
513,United Arab Emirates,2015,77.1,12753375.120052494,14.399999999999997,4.5,0.7999999999999999,1.4,1.4,0.8999999999999999,2.6,6.7
514,United Arab Emirates,2010,76.2,12753375.120052494,12.499999999999998,1.1,0.8999999999999999,1.6,1.2,0.9,2.8000000000000003,7.4
515,United Arab Emirates,2000,74.2,12753375.120052494,6.000000000000001,0.4,0.2,0.6,0.30000000000000004,0.30000000000000004,1.0999999999999999,2.4000000000000004
516,United Kingdom of Great Britain and Northern Ireland,2015,81.2,12753375.120052494,373.2,99.80000000000001,15.7,13.4,11.599999999999998,181.1,103.2,29.2
517,United Kingdom of Great Britain and Northern Ireland,2010,82.0,12753375.120052494,415.79999999999995,68.6,13.5,12.2,10.2,87.0,96.30000000000001,25.699999999999996
518,United Kingdom of Great Britain and Northern Ireland,2000,77.8,12753375.120052494,535.9,57.40000000000001,9.6,12.5,7.8999999999999995,44.4,86.8,25.2
519,United Republic of Tanzania,2015,61.8,12753375.120052494,84.0,39.1,251.09999999999997,13.0,1.3000000000000003,5.6000000000000005,9.200000000000001,52.8
520,United Republic of Tanzania,2010,57.5,12753375.120052494,79.89999999999999,29.100000000000005,314.60000000000014,13.100000000000001,1.0999999999999999,4.999999999999999,9.0,45.800000000000004
521,United Republic of Tanzania,2000,49.2,12753375.120052494,80.99999999999999,35.2,436.4,12.1,1.2000000000000002,4.8,10.100000000000001,44.6
522,USA,2015,79.3,12753375.120052494,1775.0,519.3000000000001,155.29999999999995,131.70000000000002,203.9,632.2,477.90000000000003,210.70000000000002
523,USA,2010,78.7,12753375.120052494,1685.8999999999999,216.7,147.99999999999994,118.0,121.10000000000002,511.19999999999993,417.8,188.50000000000003
524,USA,2000,76.8,12753375.120052494,2033.9,196.4,130.7,98.60000000000001,60.49999999999999,254.6,373.40000000000003,182.4
525,Uruguay,2015,77.0,3431552.0,22.3,6.4,1.4,1.8,0.2,4.2,5.699999999999999,3.0
526,Uruguay,2010,76.3,3374415.0,23.2,3.1000000000000005,1.6,1.4,0.2,4.1,5.799999999999999,2.9000000000000004
527,Uruguay,2000,75.1,3321245.0,24.9,3.000000000000001,1.2999999999999998,1.4,0.2,3.3,4.2,2.7
528,Uzbekistan,2015,69.4,312989.0,216.10000000000002,40.9,10.099999999999998,6.799999999999999,0.8,5.599999999999999,6.0,15.999999999999998
529,Uzbekistan,2010,68.3,285624.0,212.3,29.3,12.799999999999997,6.3999999999999995,0.8,5.7,6.0,15.600000000000001
530,Uzbekistan,2000,67.1,24654.0,200.0,29.400000000000006,24.2,7.6,2.1,6.8,12.399999999999999,18.5
531,Vanuatu,2015,72.0,26463.0,1.8000000000000003,0.30000000000000004,0.2,0.1,0.0,0.0,0.30000000000000004,0.1
532,Vanuatu,2010,71.0,236295.0,1.6,0.1,0.2,0.1,0.0,0.0,0.2,0.1
533,Vanuatu,2000,69.0,18563.0,0.9999999999999999,0.1,0.30000000000000004,0.0,0.0,0.0,0.2,0.1
534,Venezuela (Bolivarian Republic of),2015,74.1,12753375.120052494,104.10000000000001,31.8,16.7,38.5,0.7,3.5,12.3,27.7
535,Venezuela (Bolivarian Republic of),2010,73.7,12753375.120052494,93.3,12.499999999999998,13.999999999999996,32.800000000000004,0.7000000000000001,3.3000000000000003,10.200000000000001,25.500000000000004
536,Venezuela (Bolivarian Republic of),2000,72.5,12753375.120052494,69.9,10.3,15.099999999999998,23.799999999999997,0.6,2.5,7.8,19.600000000000005
537,Vietnam,2015,76.0,12753375.120052494,696.5999999999999,145.4,64.5,17.6,5.1000000000000005,64.0,85.3,102.5
538,Vietnam,2010,75.2,12753375.120052494,640.7,64.9,83.1,15.6,3.9,54.6,79.6,93.0
539,Vietnam,2000,73.4,12753375.120052494,458.69999999999993,65.5,116.9,12.500000000000002,2.5,36.7,69.0,79.30000000000001
540,Yemen,2015,65.7,12753375.120052494,100.4,18.5,30.500000000000007,22.5,1.7000000000000002,4.199999999999999,9.5,29.800000000000004
541,Yemen,2010,64.4,12753375.120052494,88.30000000000001,10.699999999999998,33.900000000000006,6.3,1.4000000000000001,3.5999999999999996,8.6,22.699999999999996
542,Yemen,2000,68.0,12753375.120052494,79.20000000000002,10.299999999999997,63.6,3.8,0.7,3.2000000000000006,8.6,20.2
543,Zambia,2015,61.8,161587.0,38.99999999999999,23.299999999999997,96.89999999999995,5.0,0.5,2.2,4.3,15.4
544,Zambia,2010,58.0,138533.0,34.1,16.6,115.3,4.8,0.4,2.0,4.4,15.0
545,Zambia,2000,43.8,1531221.0,34.1,17.900000000000002,210.29999999999995,4.8,0.5,2.0,5.0,14.6
546,Zimbabwe,2015,67.0,15777451.0,40.7,19.3,77.39999999999998,8.8,0.7,3.2,5.8999999999999995,21.099999999999998
547,Zimbabwe,2010,52.4,1486317.0,41.800000000000004,12.199999999999998,140.79999999999998,9.1,0.7,3.2,6.199999999999999,20.400000000000002
548,Zimbabwe,2000,46.0,12222251.0,23.900000000000002,7.1,249.29999999999995,6.6000000000000005,0.6,2.3000000000000003,3.8000000000000003,12.8
